h_county_tract,average_commute_time,average_walk_distance,number_of_commuters
005000100,2730.46107784,873.967835168,167
005000200,1685.34059406,338.166470065,1010
005000400,1435.83665008,323.957150019,1206
005001600,1095.81845919,268.938008332,1311
005001900,1531.75,517.355704099,344
005002000,1132.53919373,251.408755491,1786
005002300,973.759753593,301.070595265,974
005002400,3858.02272727,1290.71086218,88
005002500,1122.81938911,342.651056515,753
005002701,1348.56281407,361.891196911,597
005002702,1044.20431472,263.863904707,788
005002800,1034.00628366,239.331643889,1114
005003100,1360.11046512,410.485684122,344
005003300,1187.78472222,429.443489054,720
005003500,1285.94293866,398.740871332,701
005003700,2412.78195489,873.645649835,133
005003800,2374.77906977,602.323170701,344
005003900,877.761857708,321.97079827,1012
005004001,2015.21082621,652.878565835,351
005004100,1019.19294606,360.538532562,964
005004200,1070.454,224.445325553,1500
005004300,1003.66326531,335.283049971,1176
005004400,1434.66371681,451.431192526,904
005004600,1903.61993769,377.358800716,321
005004800,1294.54493581,351.165605096,701
005005001,1473.3739255,470.621235031,698
005005002,1185.21927711,267.602456273,830
005005100,823.572566372,278.173842311,1130
005005200,2084.04785894,679.75320863,397
005005300,1517.26186292,483.819803426,569
005005400,1174.16825397,272.837310307,945
005005600,1601.62308998,532.896251068,589
005005902,1294.11676083,486.832609105,531
005006000,1860.59701493,507.562706114,335
005006100,0.727272727273,1.0,22
005006200,1021.53327717,309.14734269,1187
005006300,929.74841629,343.356640961,1105
005006400,1304.41502463,372.061191006,812
005006500,873.790466733,278.566501325,1007
005006700,849.726521412,288.024036514,1331
005006800,1476.86311239,421.280547874,694
005006900,900.023255814,343.134921058,1290
005007000,1289.86987952,336.71276794,830
005007100,1390.99603175,462.755600562,504
005007200,1211.72473532,297.138253727,1039
005007300,1122.76534296,314.603820136,831
005007400,1463.24836601,421.174624364,765
005007500,935.189562548,303.253622922,1303
005007600,1275.86904762,306.559269325,924
005007700,1485.913371,444.377292354,531
005007800,1069.91769231,356.489504048,1300
005007900,934.806837607,283.756861165,1170
005008300,855.098098859,262.731808438,1315
005008400,1812.60332103,406.246455122,542
005008500,1091.25867195,341.95622671,1009
005008600,1426.85545024,328.426410959,844
005008700,863.171261487,246.622201085,1197
005008900,1060.38512616,306.177278025,753
005009000,1444.28825623,477.337514863,843
005009200,1029.48484848,234.957875939,1188
005009300,869.529457364,234.868179046,1290
005009600,1611.08614232,486.66989099,534
005009800,1034.33277592,287.175630786,1196
005011000,3553.08130081,1475.22583263,123
005011502,1107.46260069,382.417256546,869
005011700,1374.32478632,486.953539601,468
005011800,1304.1672326,236.600216512,1178
005011900,847.12578125,238.006636671,1280
005012101,1438.88195616,407.843134614,593
005012102,1388.25108225,364.857504214,462
005012300,1095.47921225,304.827477377,914
005012500,1214.0964467,333.523370605,788
005012701,1164.94755245,327.417671525,572
005012901,1254.48686244,335.500799967,647
005013000,2235.93247588,422.906138722,311
005013100,1231.07775378,395.804863507,926
005013200,1482.75671277,334.600842276,1229
005013300,972.41500399,291.947679493,1253
005013500,1317.00502513,466.401984082,796
005013800,1268.2920354,234.383962605,904
005014100,897.299543379,245.358101177,1095
005014300,1811.71980676,655.283211796,207
005014400,1365.20620285,349.608988163,1193
005014500,991.330992979,323.053945912,997
005014701,1108.92069632,346.651060637,1034
005014702,1138.625132,410.140539851,947
005014900,1087.23245614,309.749022894,912
005015100,1051.2700088,316.515534554,1137
005015200,2072.29253112,490.749698124,482
005015300,1268.43150685,359.454159902,730
005015500,1341.5982906,333.70937656,702
005015700,1275.5035461,440.829826809,846
005015800,2558.34083601,616.811460772,311
005015900,1250.63136456,357.758729874,491
005016000,1361.047105,277.939741387,1019
005016100,1269.3028891,298.068287087,1073
005016200,1816.2262931,444.650531127,464
005016300,3505.35294118,1347.24840792,51
005016400,1729.08583691,382.464950561,466
005016500,1685.58282209,704.055553067,326
005016600,1866.49458484,474.480256764,554
005016700,1626.97945205,602.576300877,584
005016900,2113.43553009,669.34431389,349
005017100,3041.75,1022.43818945,76
005017300,1037.97170838,376.834859293,919
005017500,928.478884462,281.047792972,1255
005017701,1452.75268817,555.531465505,651
005017702,1223.47534766,392.855271056,791
005017901,1072.65267576,350.693516263,953
005017902,1273.09090909,385.138100686,649
005018101,1495.4437401,527.925273594,631
005018102,982.613124388,332.751753248,1021
005018301,1263.19663648,404.536997508,773
005018302,1124.27249022,418.197570055,767
005018400,1437.87241379,351.757982325,870
005018500,832.440491591,241.237391818,1546
005018900,800.505681818,273.554227934,1408
005019300,1115.02443793,392.343819239,1023
005019400,1965.45643939,541.950899164,528
005019500,757.582039163,247.42449856,1481
005019700,816.023430962,202.5104443,1195
005019900,874.951871658,286.884422926,1496
005020000,1172.46161515,303.112687583,1003
005020100,1509.31529093,611.612909618,739
005020200,1135.40707965,315.645425523,565
005020400,1600.3863275,510.46808365,629
005020501,1082.41445183,390.239849722,1204
005020502,1481.00232019,511.569157282,431
005020601,1567.67319277,423.193953991,664
005020900,1171.08255814,333.572495287,860
005021001,933.448295783,282.72765595,1731
005021002,962.591957811,322.971900242,1517
005021100,1244.40653728,365.464651707,979
005021200,1070.76244131,299.402009459,1065
005021301,1920.06270627,596.454611005,303
005021302,1241.41823899,448.502101053,954
005021501,1394.6653944,444.873822503,786
005021502,1058.58939709,333.772205429,962
005021601,1243.82508631,402.075696816,869
005021602,993.278703704,301.905697507,1080
005021700,1299.51778656,348.622032075,759
005021800,1179.63390663,327.4189761,1221
005021900,1918.65254237,539.707291479,236
005022000,2431.55598456,640.813982203,259
005022101,1289.63372859,367.301886306,759
005022102,1232.79452055,362.176753283,803
005022200,1257.08578745,320.155876685,781
005022300,969.480829016,253.009544383,965
005022401,1413.3430127,346.230491614,551
005022403,1465.0495356,426.285888066,646
005022404,1179.68491736,317.561685678,968
005022500,982.721518987,300.820686529,1264
005022701,1000.03928906,277.264297044,1069
005022702,1735.45915493,508.550908311,355
005022703,1002.92992424,338.535173002,528
005022800,1176.56449045,366.493428348,1256
005022901,1118.69371429,397.690651668,875
005022902,1134.16234652,448.848626695,733
005023000,1701.5373913,487.371041789,575
005023100,1662.22543353,621.999788733,346
005023200,1452.27089337,425.192775952,694
005023301,1149.16163793,346.110915023,928
005023302,1286.73636364,463.508759778,770
005023501,1294.80271084,387.384946903,664
005023502,1182.45753425,376.88856154,730
005023600,2066.41353383,491.846930501,399
005023702,1579.18900344,411.460026974,291
005023703,1251.67548907,382.111703867,869
005023704,1380.60813008,363.965985181,615
005023800,1706.5442404,479.712874099,599
005023900,987.774524158,263.596519892,1366
005024000,1466.47637292,479.274291196,783
005024100,975.032399299,266.880859282,1142
005024300,992.774416595,302.020557462,1157
005024400,1753.81044487,481.725738033,517
005024501,1313.09424084,473.181772564,764
005024502,1211.52207792,441.040102684,770
005024600,1603.70510397,500.717059451,529
005024700,1603.57142857,602.528440592,399
005024800,1236.63179348,309.830423422,736
005024900,3174.76363636,1377.64534135,110
005025000,1565.05564142,443.31157152,647
005025100,1025.47782427,348.679993675,1195
005025200,1341.93648449,345.499178085,677
005025300,893.821060966,271.972051774,1263
005025400,1527.17398946,423.966914583,569
005025500,1090.94885362,379.992656322,1134
005025600,1554.66851852,419.783301405,540
005025700,1712.40459364,677.426905335,566
005026100,1306.99521531,451.040605981,418
005026300,1056.96797804,358.23286197,1093
005026400,1081.9954955,329.289151418,1110
005026500,1087.21633362,327.955138296,1151
005026601,1398.38,354.408256941,600
005026602,1122.23779947,297.218653774,1127
005026701,1339.58091787,371.347899067,828
005026702,1070.0631136,344.923392105,1426
005026900,1394.72180451,512.668453293,798
005027300,899.546726001,333.187349037,1573
005027401,1104.8408862,255.415690752,993
005027402,1694.30845771,700.740102343,603
005027600,3580.17977528,1179.80213533,89
005027700,1030.99237369,262.419910748,1049
005027900,812.472274143,201.754483573,1605
005028100,966.387304508,266.444470647,1087
005028300,1382.90821256,326.037351022,621
005028400,3652.088,1219.79497593,125
005028500,991.047808765,243.500022845,753
005028600,1474.54950495,498.734219998,404
005028700,1236.22699387,310.664051546,652
005028800,1087.12362301,357.869105943,817
005028900,1119.38022814,262.822298149,789
005029301,1951.11313869,811.958895473,274
005029302,1051.80474934,213.824077846,758
005029500,1083.49450549,312.598255428,1001
005029600,725.843322818,218.508902278,951
005029700,1102.75827815,369.81528504,906
005030000,1137.22921711,274.028232068,1239
005030100,2153.15458937,494.49163361,207
005030200,885.134321653,166.236717508,2226
005030701,786.028409091,161.240442832,1056
005030900,1022.81229773,373.345568506,618
005031000,1554.9453125,521.745861555,896
005031200,2246.75789474,609.785569353,475
005031400,1777.23582766,561.361435321,441
005031600,2030.06112469,698.506776566,409
005031800,1985.76127321,581.995698089,377
005031900,14.6666666667,20.0,3
005032300,1126.36825397,293.74082565,945
005032400,1479.80275229,488.254723229,654
005032600,1193.35714286,350.132395585,770
005032800,1304.30032293,451.96143702,929
005033000,1124.29258675,323.31114811,1268
005033201,1311.1061828,356.533786501,744
005033202,1368.04107981,372.773755523,852
005033400,2789.77272727,1027.22509983,176
005033500,1265.96286472,386.688798726,377
005033600,1189.390625,334.197287657,1280
005033700,1322.96938776,328.841038959,490
005033800,1551.56425949,410.359147577,817
005034000,1516.46614328,426.073055338,1019
005034200,1957.09368192,572.759524005,459
005034300,2087.08955224,414.924273571,335
005034400,2139.83920705,716.68301954,454
005034500,1390.34231379,378.158508512,631
005034800,1242.69930609,435.615713084,1297
005035000,1839.94883721,510.827486832,430
005035100,1637.54816112,550.161836954,571
005035600,1797.15851272,475.905889041,511
005035800,1071.3362665,294.745480469,1591
005035900,1913.97954545,464.571209244,440
005036000,1572.80083565,388.199510387,718
005036100,1064.80080645,253.826936186,1240
005036300,1075.64209726,307.743175817,1316
005036400,1499.00294985,425.757648623,678
005036501,1317.32251082,371.004403532,924
005036502,1689.99322799,513.097907991,443
005036700,1999.92960663,595.758988541,483
005036800,1692.85555556,430.988886953,540
005036901,1646.60869565,522.031102008,483
005036902,1917.48768473,633.462597502,406
005037000,1706.37341772,479.695177392,632
005037100,1341.28022599,356.140537903,885
005037200,1807.36476868,509.421252319,562
005037300,1181.78068592,371.821898936,1108
005037400,1461.02473498,352.46442439,849
005037504,1301.34943182,401.077438076,704
005037600,1864.11877395,550.656776321,522
005037800,1310.54331865,377.746576462,681
005037900,1135.06469298,399.802497756,912
005038000,1520.12576313,390.738602742,819
005038100,935.623577236,322.174452337,1230
005038200,1843.99841772,581.931703494,632
005038301,1063.71654373,316.01934855,949
005038302,1123.8115942,391.724350093,1104
005038500,1556.47687861,572.425096493,692
005038600,889.990052356,219.515883651,1910
005038700,1382.35348837,483.497300133,645
005038800,1751.98181818,541.86674032,605
005038900,1155.55324074,426.548137095,864
005039000,1749.32976827,462.720848658,561
005039100,908.564079422,399.099868264,1108
005039200,1903.42889391,422.426914187,443
005039300,943.162743779,261.761944182,1487
005039400,1206.96950673,324.15940919,1115
005039500,1256.48731642,458.083206258,749
005039600,1568.49527187,403.520801417,846
005039700,1959.69677419,708.960958253,310
005039800,1573.16370558,400.601446919,788
005039901,1045.78842105,294.381749813,950
005039902,1186.75395034,321.20182705,886
005040100,1231.00234467,368.349425819,853
005040302,1252.27439024,343.996937767,820
005040303,1121.97847358,366.180889534,1022
005040304,1072.57992999,289.01260875,857
005040400,1717.91542289,493.272912803,804
005040501,1257.47272727,342.662987559,770
005040502,935.052716951,318.45833332,1233
005040600,1444.97732697,339.474082768,838
005040701,1557.36396396,435.427478777,555
005040702,919.398215734,324.582265553,1233
005040800,1473.68906606,357.27109675,878
005040900,1325.0437788,379.900104455,868
005041100,1584.05802708,436.940445076,517
005041300,937.267209474,269.508669929,1351
005041400,1352.22234157,375.059765487,931
005041500,958.077677841,338.08226971,1223
005041800,1568.53333333,401.301357577,855
005041900,937.124726477,273.408590984,1371
005042000,1404.46540881,332.880781497,954
005042100,596.005142857,153.50002919,1750
005042200,1437.96747967,331.382161229,861
005042300,1332.62531646,408.195575499,790
005042400,2188.20242915,630.022720266,494
005042500,1084.23276561,367.887382695,1233
005042600,1130.91615957,243.745244134,1479
005042800,1818.14505119,501.611035938,586
005042901,1412.63327674,457.120980914,589
005042902,1281.38586327,439.261556041,863
005043000,1574.02209945,425.333538963,724
005043100,775.439886846,267.58266479,2121
005043400,1357.94337194,245.021498107,777
005043500,3416.93548387,776.463633598,93
005043600,1885.4288499,413.856968531,513
005044200,1534.79209184,413.320374376,784
005044400,1596.78784267,270.936596054,839
005044800,2141.6040146,511.160001919,548
005044901,1969.89312977,510.706161509,262
005044902,1720.64444444,426.37172777,315
005045101,1832.52647975,482.33504298,321
005045102,2121.96060606,567.847706104,330
005045600,1607.23622047,340.507373749,635
005045800,1306.81370092,255.026582628,1197
005046000,1898.13707165,528.732732004,642
005046201,497.933037437,130.853072699,5182
005046202,981.476959904,281.339220775,1671
005048400,1429.53294118,379.749292639,850
005050400,4306.4122807,1866.19151101,114
005051600,1410.03134479,332.430222857,989
047000100,618.867427568,230.689196392,1139
047000200,1439.43185079,508.642099814,697
047000301,788.190672154,325.772874944,729
047000501,794.019117647,282.724863312,680
047000502,777.181690141,268.952977146,710
047000700,830.598407281,378.158241122,879
047000900,525.860062893,168.659616358,1272
047001100,974.042105263,295.791200019,380
047001300,920.618374558,344.942971332,566
047001500,727.432411674,284.488104812,1302
047001800,2598.07112971,907.506185923,239
047002000,1277.33206591,339.754227088,789
047002100,693.769230769,240.360868308,936
047002200,953.454601227,331.563702794,1630
047002300,804.83747927,276.975399493,1206
047002901,1055.56886228,471.306621906,835
047003000,1126.16561845,327.529059606,954
047003100,601.15077821,270.421162618,1028
047003300,616.719535783,235.94502105,1034
047003400,1024.56055363,260.575897072,1445
047003500,744.408748115,255.031172625,663
047003600,951.446931408,261.713342742,1385
047003700,812.36,286.885228637,450
047003800,1443.92641261,320.580793059,761
047003900,845.159025788,328.675074088,698
047004100,754.935300795,297.348574329,881
047004300,654.380722892,236.925484935,830
047004400,955.795379538,212.279804327,1515
047004500,903.619957537,389.800067548,942
047004600,1611.76462396,429.058644354,718
047004700,1017.28571429,467.234978438,574
047004900,1021.32626427,482.686960761,613
047005000,1076.60955519,253.358983358,1214
047005100,858.444548872,329.980411392,1064
047005201,1716.34829721,441.522372761,646
047005202,1019.40198511,223.53271699,1209
047005300,1011.44805195,253.300994474,924
047005400,1052.50408163,262.867483606,1470
047005601,1019.19763514,201.519891917,1184
047005602,1496.75729443,335.683132306,754
047005800,962.899404368,248.256484939,1511
047005900,1142.1615894,498.428180589,755
047006000,1189.0631769,294.256478969,1108
047006200,1119.65551331,285.045563806,1315
047006300,1114.92130258,445.960888696,737
047006400,979.130960376,283.983691012,1489
047006500,724.594385965,269.061432929,1425
047006600,1003.76010966,300.688822728,1459
047006700,803.373134328,383.49477381,938
047006800,943.411542611,247.277732924,1854
047006900,611.883040936,211.040169268,1026
047007000,1046.44066318,262.500610334,1146
047007100,724.483474251,328.366613518,1301
047007200,1155.05933251,327.07019757,809
047007400,866.43090379,204.263269374,1715
047007500,609.889596603,242.04354263,1413
047007600,922.193062827,253.228837174,1528
047007700,629.818627451,218.614643806,1632
047007800,837.787775891,227.239497942,1767
047008000,931.676515152,222.00206175,1320
047008200,806.675315568,247.948041954,1426
047008400,914.803571429,243.814466145,1120
047008500,606.287146438,198.48329064,2793
047008600,3335.43150685,1252.14915367,146
047008800,934.153383459,336.545562631,1330
047009000,1145.5834093,321.194197736,1097
047009200,881.831885539,277.835093698,1957
047009400,936.172001911,319.433340468,2093
047009600,920.548274137,298.517730274,1999
047009800,1006.86626307,333.167261295,1817
047010000,843.229698376,291.616686917,2155
047010100,828.72737819,258.477961193,1724
047010200,862.018378378,267.161905974,1850
047010400,743.681268882,196.121151273,1986
047010600,1039.60166667,337.895982318,1800
047010800,997.349535773,330.145723114,1831
047011000,1149.40924855,302.85567497,865
047011200,800.008118434,225.579714676,2094
047011400,684.54242582,228.560535544,1921
047011600,1149.62624113,378.981891606,1410
047011700,994.096856415,330.527893439,1177
047011800,1253.97307222,330.386309181,817
047011900,1301.79234168,459.361206583,679
047012000,1361.4951989,402.400698834,729
047012100,1190.53325123,303.131632291,812
047012200,967.281026253,300.423052698,1676
047012600,1268.91603053,405.28462697,917
047012700,708.933936652,314.650804517,1105
047012801,1275.05303867,473.765037318,905
047012901,1009.44274809,356.875002094,786
047012902,951.226138032,311.470168018,681
047013000,885.390217391,261.757458495,1840
047013100,720.415362731,297.351623535,1406
047013200,1246.7480315,407.393066861,1016
047013300,810.307692308,285.154945806,1261
047013400,907.213541667,346.214530361,1728
047013500,954.518644068,399.584186988,1180
047013600,937.461307738,269.861533843,1667
047013700,867.788321168,265.47698479,1096
047013800,1023.44290909,348.954856158,1375
047013900,701.284027778,212.775875464,1440
047014000,1141.94003868,305.976136152,1034
047014100,875.112047178,295.050501795,1187
047014200,1092.259362,282.830004269,1442
047014300,804.115633075,257.526084809,1548
047014500,904.67648792,307.494260853,1697
047014700,1286.13549832,476.475071027,893
047014800,1546.09430605,405.964120942,562
047014900,679.99152991,190.668696266,1889
047015000,1652.20373027,449.621483078,697
047015100,736.456848773,192.321831276,1263
047015200,1205.11181244,338.902600493,1109
047015300,695.362068966,183.318510001,1160
047015400,3878.36607143,1030.71920462,112
047015500,887.222648752,263.883174952,1042
047015700,796.743264659,316.230246582,1262
047015900,659.427551749,209.340984259,1401
047016000,947.926640927,285.080502908,1813
047016100,694.718634686,239.032497364,1084
047016200,1239.10759494,344.662108395,948
047016300,778.859569649,326.481480291,883
047016400,3306.57446809,1127.03155575,141
047016500,686.734299517,304.994259257,1656
047016600,1146.76362112,306.097836583,1193
047016700,776.198060942,228.237587168,1444
047016800,1539.40254237,367.036741875,708
047016900,730.52804878,216.082536928,1640
047017000,1264.27651218,236.420215109,1273
047017100,785.369934641,269.281401935,1530
047017200,1185.99507793,285.064586595,1219
047017400,1596.97583429,321.081684141,869
047017500,3667.70348837,1769.36220169,172
047017600,1536.0953462,327.749721359,881
047017700,3187.45512821,1302.01468613,156
047017800,1278.10451977,303.294032439,1062
047017900,711.174291939,282.233765841,1377
047018000,1429.79016393,376.826494982,1220
047018100,661.507054674,262.786722155,1134
047018200,1239.23390895,342.759990255,1274
047018300,893.93828892,402.12545391,713
047018400,1237.71630435,385.40477526,920
047018501,772.823259373,406.302662773,1307
047018600,1468.18715996,432.130584763,919
047018700,1123.11812298,404.551164038,618
047018800,1226.55921569,344.07088352,1275
047019000,1069.82046679,287.611675647,1671
047019100,883.139784946,295.069558694,930
047019200,1212.46134021,339.066523499,1164
047019300,639.712328767,229.116854915,1533
047019400,1292.82099268,426.120753689,1229
047019500,749.892400301,273.442419751,1329
047019600,1121.71881322,401.425095107,1483
047019700,647.19340055,228.990825082,1091
047019800,1388.05987395,435.346684423,952
047019900,575.594202899,202.918111337,1104
047020000,1347.96859666,420.261866683,1019
047020100,734.006264683,271.369963813,1277
047020200,1345.79441118,417.781009484,1002
047020300,1026.625,339.428788252,696
047020400,1246.46518375,410.438744578,1034
047020500,828.553314121,345.281950235,1041
047020600,1145.37365369,426.070673539,1207
047020700,733.108317215,269.210997808,1551
047020800,1100.18529412,400.265087671,1360
047021000,1065.20361688,350.719771973,1493
047021100,946.424161074,336.207532733,745
047021200,849.132497274,242.84307834,1834
047021300,790.265995261,287.829380571,1688
047021400,1218.89426322,319.450281104,889
047021500,657.817695673,243.168654083,2057
047021600,803.343712575,252.478940434,1670
047021700,695.266850069,229.990932449,1454
047021800,782.549303944,245.982156071,1724
047021900,783.424520434,265.48075307,1199
047022000,574.667375585,136.788824886,2351
047022100,962.122619954,355.294424745,1313
047022200,577.862187347,186.445180528,2039
047022400,712.281065089,215.380312531,2366
047022600,1468.16945107,473.192583728,838
047022700,900.729571984,270.423837658,1028
047022800,896.563611491,289.721488561,1462
047022900,822.524437548,271.185547127,1289
047023000,885.312782805,301.750546137,1768
047023100,767.43556701,281.894604494,1164
047023200,583.0416826,207.953471694,2615
047023300,802.926089703,247.445630191,1583
047023400,547.885048232,202.009660889,2488
047023500,761.980030722,203.186929241,1302
047023600,528.369916075,200.648438624,3098
047023800,604.263820225,207.818661136,2225
047024000,651.991012299,188.409652182,2114
047024100,1049.16091954,361.802610983,870
047024200,1021.64074387,318.047051474,1183
047024300,823.797752809,310.837268767,1335
047024400,1080.04274134,316.945759531,1357
047024500,817.782208589,307.607000766,1304
047024600,1190.12316476,358.920207269,1226
047024700,898.501240695,264.581462815,806
047024800,1254.38293444,324.247202036,961
047024900,990.864710676,365.382748079,1227
047025000,1585.27332242,462.417761353,611
047025100,945.965328467,355.146840341,1096
047025200,878.231595916,237.975247534,1861
047025300,1014.61220269,342.723952173,967
047025400,1115.61299639,261.890526619,1385
047025500,757.45104659,287.108815345,1481
047025600,1222.4825784,359.33401021,1148
047025700,1260.02849003,514.081469355,702
047025800,1033.44348824,321.268688688,1743
047025901,959.571197411,384.069552156,618
047025902,1167.91431925,451.133701117,852
047026000,1152.13338595,344.081420714,1267
047026100,865.284313725,266.899252232,1428
047026200,1259.39801444,344.604535021,1108
047026300,1117.63309353,400.334315474,695
047026400,1206.14285714,350.403519045,1477
047026500,977.557013946,303.83380947,1219
047026600,1200.45867769,394.212508181,1452
047026700,828.07505864,328.491175624,1279
047026800,1168.51597633,374.85049156,1690
047026900,903.039237668,309.86945256,892
047027000,1225.95822677,247.173486952,1173
047027100,964.656118143,310.127294581,948
047027200,1225.77769679,357.555306423,1372
047027300,1050.41078838,335.301804487,964
047027400,1413.92352941,423.723942742,1190
047027500,1011.09355132,302.704538983,1101
047027600,1146.21511232,300.39171149,1469
047027700,822.678006329,242.458001314,1264
047027800,1297.89522998,316.336192094,1174
047027900,880.784728611,329.196446244,1087
047028000,1801.46528804,359.094206783,677
047028100,1085.67477477,354.512742158,1110
047028200,1479.82133785,338.023742756,1181
047028300,970.846309403,342.935504792,989
047028400,1129.75069638,254.609656276,1436
047028501,1786.47712418,566.132185216,153
047028502,924.888888889,300.642037701,837
047028600,1062.49894403,234.046821069,1894
047028700,1137.72330654,330.871832091,871
047028800,1354.84280639,309.100215427,1126
047028900,1141.0775463,392.298528116,864
047029000,1091.55575648,224.741821919,1659
047029100,978.37164751,358.843050643,1044
047029200,1483.37669683,346.185340054,884
047029300,1015.98753339,340.855538527,1123
047029400,1890.30892144,464.768672445,751
047029500,1006.58818493,308.261011368,1168
047029600,937.358473421,183.712795007,2201
047029700,764.405008636,218.037057806,1158
047029800,1340.02249806,391.521285445,1289
047029900,1124.26081731,372.996911345,832
047030000,1218.31101512,300.852569566,1389
047030100,1051.00883002,358.855747737,906
047030200,1217.98956295,304.576598173,1533
047030300,1071.48203125,444.018013415,1280
047030400,1292.2851153,236.669493902,1431
047030500,631.767634855,232.224403775,2169
047030600,1585.9986413,408.999682452,736
047030700,1033.20458136,362.576822108,1266
047030800,1678.74113475,503.763057483,846
047030900,1370.09141274,465.379655592,722
047031100,1072.54754755,377.152500176,999
047031300,810.80517024,261.653643695,1586
047031400,1114.83014746,300.226475596,1831
047031500,701.91087963,241.006283625,1728
047031701,984.172217709,361.514427484,1231
047031702,937.790884718,272.20060833,1119
047031900,806.904434251,251.759782029,1308
047032100,836.602206736,265.204958498,1722
047032300,971.253393665,388.485719807,1326
047032500,642.327166065,243.921599769,2216
047032600,1039.69133772,267.374096083,1824
047032700,913.477657935,323.136124708,1298
047032800,1575.2990991,268.195305865,1110
047032900,742.895108422,215.19475219,1983
047033000,1407.48419797,330.151768167,1677
047033100,864.417195615,300.053368338,1733
047033300,783.794206397,245.391815138,1657
047033500,846.638780297,246.649166036,1279
047033600,1286.5514553,260.892723258,1924
047033700,870.392053973,212.135849883,1334
047033900,944.46799431,278.276390378,1406
047034000,2159.93521595,406.938950602,602
047034100,1088.93672316,423.236376686,885
047034200,1235.15304443,213.907271757,1823
047034300,937.756623537,370.529269893,1623
047034500,1242.49331849,430.373673199,898
047034700,1196.23128492,429.967383769,895
047034800,1778.15479452,490.375487866,730
047034900,818.767063244,218.087505906,1597
047035000,996.734422263,208.41015562,1653
047035100,882.222598106,248.798711294,1478
047035200,3039.63345196,754.369226927,281
047035300,845.387492336,245.547627812,1631
047035400,901.686767169,183.030625432,2388
047035500,922.026996625,280.606727466,1778
047035601,1106.62178988,251.776991596,1285
047035602,919.797354497,228.948288832,1890
047035700,1239.38322581,416.513864078,775
047035900,948.780707395,305.01190973,1555
047036001,1107.69316239,301.367707858,1170
047036002,996.980938416,227.885792306,1364
047036100,1339.54029062,417.634105808,757
047036200,1142.44911147,267.219012189,1238
047036300,901.733164983,340.866760594,1188
047036400,1435.24516785,387.007003134,983
047036501,788.817699115,271.638023421,1130
047036502,1569.60497238,579.250112635,362
047036600,1222.2276547,388.083730172,1309
047036700,1255.82653061,387.210006167,490
047036900,844.572102426,287.584023128,1484
047037000,1049.19925512,275.554687015,1611
047037100,964.183396226,322.050265608,1325
047037300,1017.38021779,274.090417695,1102
047037401,1048.76047198,270.67861088,1695
047037402,1090.75351716,287.086972683,1777
047037500,985.161530287,308.358561096,941
047037700,863.916597164,300.127406001,1199
047037900,941.156198347,314.21787835,1210
047038100,890.809492848,286.816628146,1538
047038200,1183.09853604,325.598401721,1776
047038300,1046.75881262,336.733554053,1078
047038500,955.661132812,321.122393708,1024
047038600,1307.86696901,308.22660809,1323
047038700,835.855390009,257.634816326,1141
047038800,1476.67191601,442.110376741,1143
047038900,1107.27456258,377.650182585,743
047039000,1632.56797583,467.679112906,662
047039100,1010.0014245,359.060988506,702
047039200,1277.97219361,393.569527825,971
047039300,1218.33140209,378.750782799,863
047039400,1633.90945946,493.351511135,740
047039500,1085.96871508,377.387684789,895
047039600,1725.55294118,415.634424457,680
047039700,925.114197531,275.632713744,972
047039800,1484.63347458,356.401708056,944
047039900,1080.79807692,365.88160365,1040
047040000,1428.10383536,346.686366,1069
047040100,1047.64784689,342.811853487,1045
047040200,1314.13815789,316.665325707,912
047040300,1168.69871795,380.891295536,780
047040400,1452.83090909,400.579685802,1100
047040500,1298.42531646,403.215423506,395
047040600,1292.71024465,401.302979351,1308
047040700,3193.24358974,1270.35187642,78
047040800,1141.97725657,325.581748491,1407
047040900,1108.08725603,341.470572291,871
047041000,1583.49670619,451.160987229,759
047041100,1157.45287958,332.688666131,764
047041200,1349.90630798,313.8367605,1078
047041300,1198.42455243,373.061079889,782
047041401,1794.60756972,444.049456129,502
047041402,1715.3729097,503.745452811,598
047041500,1070.29852045,437.323974642,1149
047041600,1519.56097561,568.640191323,697
047041700,1146.62975779,396.228005402,867
047041800,1535.68980798,494.740498228,677
047041900,1095.88590604,413.942528619,894
047042000,1357.9,449.490467353,740
047042100,1154.78692221,340.892901585,887
047042200,1194.06835443,395.756307039,1185
047042300,999.583677686,306.505343805,968
047042400,1129.35750315,329.438148735,1586
047042500,1011.78717949,398.535900673,780
047042600,984.229988726,250.354014571,1774
047042700,801.082536924,286.150784678,1151
047042800,1064.54217604,290.483371642,1636
047042900,1106.2693566,346.078909404,917
047043000,947.195088677,269.037802469,1466
047043100,1076.76058773,302.019725072,1157
047043200,1136.3357194,313.382073825,1397
047043300,1014.02761104,319.868979248,833
047043400,1111.15213115,316.243512978,1525
047043500,1072.59434822,385.431630878,1097
047043600,1053.75747126,321.804371769,1740
047043700,984.077708006,331.968258595,1274
047043800,1327.89769585,378.123374089,1085
047043900,941.084008097,284.150669674,988
047044000,1684.7235023,463.680430562,868
047044100,992.789215686,275.943830871,1020
047044200,1344.11458333,529.237032023,864
047044300,1072.8953252,296.791479315,984
047044400,1241.68554522,426.601223218,1183
047044500,1018.89589905,270.46040101,951
047044600,1499.10443864,354.460238117,766
047044700,1052.9047619,270.059179597,546
047044800,1520.18387097,434.138425142,930
047044900,1112.11674528,560.247106654,848
047045000,1973.93305439,502.636838815,478
047045200,1215.22464455,440.114212278,1055
047045300,1320.59004739,460.354241064,422
047045400,1360.4906367,429.118743205,801
047045600,1224.14196242,393.103016787,958
047045800,1828.26987061,514.168102844,541
047046000,966.301963439,283.928706216,1477
047046201,1209.61199696,309.669871991,1317
047046202,1415.65255293,377.106456015,803
047046400,1045.98277425,249.253084771,1103
047046800,1096.61530055,341.331571855,915
047047000,1014.96229379,348.947122562,1273
047047200,901.025510204,277.068021163,1372
047047400,945.168251646,255.137570834,1367
047047600,819.139521308,206.886851177,1713
047047700,851.919632606,389.89176241,871
047047800,761.334834835,206.704180774,1998
047048000,991.7,239.726907502,1430
047048100,1048.66551724,377.997816436,580
047048200,816.274377374,273.357837312,2369
047048400,803.126663977,257.02716272,2479
047048500,932.871301775,345.475615928,676
047048600,1041.34976526,268.901695459,1278
047048800,1137.38722045,378.768189516,1565
047048900,940.299776286,362.193242963,894
047049000,770.899112187,267.440694478,2478
047049100,737.673180593,273.510015432,1484
047049200,1213.5570358,399.962037317,1201
047049300,714.07898979,244.199972288,1861
047049400,881.315524194,276.458212208,1984
047049500,889.143063584,323.785258615,692
047049600,1089.19844082,273.98191814,1411
047049700,767.826433121,266.173243773,628
047049800,1017.66514954,319.778712691,1538
047049900,1049.59292035,466.104634692,565
047050000,845.086640212,267.003271526,1512
047050100,807.275964392,298.410755727,674
047050202,959.368589744,277.086996738,936
047050300,989.095700416,381.688828798,721
047050400,882.939271255,287.153326955,1729
047050500,919.543103448,383.614370372,1044
047050600,892.258383727,295.405010643,1819
047050700,947.210526316,357.734262553,722
047050801,839.726785714,244.17727708,1680
047050803,1236.78769602,335.182410095,829
047050804,877.859813084,251.847809281,1926
047050900,541.354535975,199.852540067,959
047051001,855.284414107,293.437480877,1758
047051002,893.410693302,305.900071065,1702
047051100,736.351184346,282.59396256,971
047051200,782.652875465,270.454852874,2417
047051300,749.817883511,280.51603647,1219
047051400,761.672763419,232.910187933,2515
047051500,1215.91815857,452.448255907,391
047051601,897.995396419,273.376054777,1955
047051602,1147.69225146,398.020933094,1368
047051700,994.783964365,377.759366243,449
047051800,970.144157815,311.579083824,1318
047051900,784.509933775,294.929307904,906
047052000,1006.7527881,292.44451193,1614
047052300,761.317750183,305.033235729,1369
047052500,777.510330579,208.657928408,968
047052600,948.994054697,311.317406229,1682
047052700,665.043786982,242.571284428,1690
047052800,1275.484375,421.117002662,768
047052900,579.059982862,187.253461313,1167
047053000,1087.995086,340.66001237,1221
047053100,420.67593397,156.309916306,2302
047053200,995.936870997,240.613069258,1093
047053300,493.159412097,190.562426284,1769
047053400,909.149041435,274.146639646,1617
047053500,525.959343795,176.702120751,1402
047053700,650.327586207,263.434000153,928
047053800,938.054794521,252.879196185,1898
047053900,731.654244306,296.842839621,966
047054200,979.165701043,322.738988921,1726
047054300,1826.53846154,565.693150856,156
047054400,1056.28379287,355.25454245,1487
047054500,564.875770021,198.40070442,1948
047054600,859.305936073,277.691222901,1971
047054700,653.436640116,244.389051183,1381
047054800,1220.21848739,311.763594679,952
047054900,812.404428904,317.589282944,858
047055000,1032.90814196,311.360500577,1437
047055100,791.540491356,350.531303788,1099
047055200,1038.64338235,269.860630439,1360
047055300,857.407407407,288.593203399,594
047055400,781.022767075,189.861172252,1713
047055500,877.458033573,360.314014225,834
047055600,1125.0092068,370.965139155,1412
047055700,1208.14356436,563.579699693,404
047055800,1379.571875,447.087833889,960
047056000,1100.79644269,324.913699138,1518
047056100,817.027282267,336.532129105,953
047056200,1753.20684039,483.403538633,614
047056300,950.849173554,413.191954179,968
047056400,1272.741,255.019308909,1000
047056500,882.621420997,328.899059528,943
047056600,1291.86901271,330.294547629,1023
047056800,1411.86401099,358.866674852,728
047056900,1200.80597015,505.518472352,469
047057000,1243.28354633,340.923288212,1252
047057100,703.082332762,296.682629399,1166
047057200,1048.41522678,245.685543297,1852
047057300,951.743338008,395.152454902,713
047057400,1506.44158628,409.851205916,933
047057500,777.798117155,308.349442877,956
047057600,1340.98926829,417.120962244,1025
047057800,1202.88770053,299.152611595,1122
047057900,1431.85071575,797.240880066,489
047058000,1234.35883905,257.221313263,1137
047058200,1286.60334646,321.012468732,1016
047058400,1060.9875,299.7430131,1440
047058600,1400.09494451,308.972916838,811
047058800,1127.98546289,332.088987044,1307
047058900,1348.58752515,568.765440128,497
047059000,1701.25832013,471.660414772,631
047059100,791.056967572,392.451370607,1141
047059200,1178.58243341,362.009629299,1389
047059300,949.957290133,322.490636273,679
047059401,871.016837482,265.035897453,2732
047059402,1040.4580574,242.712123873,1812
047059600,1280.51779359,271.125874735,1124
047059800,1399.30488694,343.880542235,1371
047060000,866.162196144,280.467633434,2386
047060600,1266.56471716,347.649353757,1043
047060800,1234.69316493,363.36982591,1346
047061002,1052.63607393,332.403855575,1569
047061003,1760.59224806,532.746551657,645
047061004,836.957681693,236.909227472,2174
047061200,2148.6,773.749017235,475
047061600,1921.63147793,467.421854817,521
047062000,1840.01375516,424.146901603,727
047062200,1501.66400709,343.70559799,1128
047062600,1217.14975042,358.487957463,1202
047062800,980.177361854,245.488054765,2244
047063200,1718.3125,447.144847286,592
047063600,1552.53150242,374.610704762,619
047063800,1327.45645646,359.263034917,666
047064000,1579.52035623,410.804340803,786
047064200,1436.6252505,460.154308164,998
047064400,1334.38335159,337.229961655,913
047064600,1319.56326148,381.16425413,1067
047064800,1409.60138477,411.975483202,1011
047065000,1553.15111111,323.687671678,675
047065200,1612.61424332,334.136324077,674
047065400,1394.27737226,347.051944953,822
047065600,1475.60311284,392.389119495,1028
047065800,1374.42307692,424.897358805,832
047066000,1799.45213379,426.113354648,867
047066200,1443.53846154,297.718263365,650
047066600,5105.34265734,1608.79195814,143
047067000,1146.80769231,225.897097106,1404
047067200,1558.11144578,344.051163771,664
047067400,1065.50568769,241.222549579,967
047067600,1462.31227652,309.248726213,839
047067800,1218.87747036,291.449425747,1265
047068000,1463.52165544,332.999182201,1039
047068200,1264.22791082,283.688620943,1211
047068600,1678.53532609,354.342888688,736
047068800,1548.34758155,352.242756919,889
047069000,1639.43473896,304.155664582,996
047069200,1474.94298643,369.828427577,1105
047069601,1140.77854195,314.0591315,1454
047069602,903.87802276,218.154120725,2812
047069800,1747.44640235,430.135453599,681
047070000,1633.8407281,296.601336343,879
047070201,982.089216719,227.725695188,2847
047070202,4622.94936709,2193.37295617,158
047070600,1526.55398671,534.094458745,1204
047072000,1314.44059406,381.229411039,1010
047072200,1321.71880998,298.093938362,1042
047072400,1123.49882904,252.612352229,854
047072600,1326.4484789,345.963594464,1019
047072800,1022.28530259,252.716879726,1388
047073000,1394.33075435,279.881161515,1034
047073200,1181.0781893,294.406761154,972
047073400,1316.78798587,445.463928601,849
047073600,1234.0675139,245.123831677,1259
047073800,1280.76293103,291.384384446,1392
047074000,1049.96848138,278.80666754,1396
047074200,1192.7239011,407.488078032,1456
047074400,1021.02066116,241.944492083,1210
047074600,1348.49099099,314.013473345,888
047074800,1334.82608696,265.838986864,897
047075000,1120.72619048,295.875262633,1176
047075200,1900.44197531,540.094148871,405
047075400,1390.29419703,394.88524821,741
047075600,1308.58118701,359.038758564,893
047075800,1666.25318066,589.503034082,786
047076000,1048.8987069,279.044929462,1392
047076200,1017.14635854,229.111556196,1428
047076400,900.777777778,274.042742766,1656
047076600,1250.64776952,359.586585501,1076
047076800,960.232064422,254.168319603,1366
047077000,1067.32763276,345.50459328,1111
047077200,1049.26617647,308.128991301,1360
047077400,1084.99710983,253.602335612,1384
047077600,892.124847001,291.87229083,1634
047078000,1067.38632163,304.497195961,1082
047078200,1026.14520049,339.66653277,1646
047078400,1269.63405088,354.669894758,1022
047078600,888.172131148,200.849484447,1708
047078800,1050.55370755,276.804940406,1443
047079000,789.023831347,234.398112433,2182
047079200,1003.82036364,326.72111218,1375
047079400,1246.33629442,441.984955038,788
047079601,962.219526627,300.640970618,1690
047079602,860.36863194,302.737542743,1747
047079801,944.625592417,307.835688444,1266
047079802,804.58783455,234.693219014,2055
047080000,931.537068966,298.811389784,1160
047080200,856.085845347,259.350604454,1526
047080400,1143.98990826,311.837379712,1090
047080600,1128.27364555,402.346851998,1089
047080800,3329.79861111,988.509107193,144
047081000,1212.14039735,423.88899011,755
047081400,1240.39778449,412.961173439,993
047081600,1237.66107784,396.316011291,835
047081800,927.960707269,255.25186054,1527
047082000,948.969659443,287.357916985,1615
047082200,749.996273292,257.273597646,2415
047082400,884.341779611,219.444128687,1697
047082600,782.937305469,173.220820137,2249
047082800,946.641252553,235.436110058,1469
047083000,735.752991453,179.883787333,2340
047083200,1196.08690869,329.840064972,909
047083400,1279.89264174,330.418184523,829
047083600,1513.82987013,443.242277764,770
047083800,1215.19665272,252.253840886,956
047084000,1199.2998008,204.646376059,1004
047084600,1548.95400788,265.148434202,761
047084800,1480.28697851,321.921745196,791
047085000,1702.04475524,457.059623155,715
047085200,3850.62179487,1429.89670141,156
047085400,1262.78333333,438.249885472,840
047085600,981.466525722,315.096163055,1419
047085800,1307.48044693,480.284792724,895
047086000,1240.4681182,313.590357323,1286
047086200,1256.26861925,307.961736759,1195
047086400,1406.82345523,321.593373749,793
047086600,1250.57348963,402.839861081,1109
047086800,1229.22872827,323.38391236,1093
047087000,1143.33823529,346.878736646,1156
047087200,1032.52203647,291.341226871,1316
047087401,1099.08068903,383.549286456,1103
047087600,1427.84750733,536.861086972,682
047087800,1131.46922301,294.588187157,991
047088000,1098.68253968,321.895762938,945
047088200,839.394385642,278.127900549,2173
047088400,926.695137157,271.75610147,1604
047088600,1107.0525641,340.005980363,1560
047088800,1167.80608634,308.872515694,1413
047089000,959.919730392,276.642718814,1632
047089200,980.837398374,265.699895219,1230
047089400,1001.83094262,230.113240424,976
047089600,1076.33630687,364.854230848,1121
047089800,1287.87553648,406.267721363,699
047090000,854.625461255,248.278348588,1626
047090200,1138.7726776,372.345039154,915
047090600,1091.65356856,432.132247504,1247
047090800,1139.17198178,440.105261881,878
047091000,1018.18834081,293.542010283,1115
047091200,943.494231937,331.525439942,1647
047091600,1116.82376082,373.34650958,1271
047091800,1086.1440678,348.286358846,944
047092000,1120.52992278,359.17085114,1036
047092200,871.173254836,227.94516208,1189
047092400,1194.77384464,412.004917063,1017
047092800,1354.58993476,486.20461935,1073
047093000,1226.51369216,237.879556653,1059
047093200,1755.58379374,429.151157713,543
047093400,1374.86652079,261.396845708,914
047093600,1512.34002869,329.990248109,697
047093800,1517.03082192,340.552759749,876
047094401,1287.41470811,372.33565589,1319
047094402,1166.43599258,288.054808374,1078
047094600,1326.00598802,260.722448479,835
047095000,1164.39386792,296.071216791,1272
047095400,959.723684211,263.780030903,1824
047095600,1067.77392947,300.8577548,1588
047095800,1119.34087883,388.834759588,1502
047096000,3943.25954198,1226.51687562,131
047096200,1712.09893455,429.947202446,657
047096400,1330.76779847,368.962110812,913
047096600,1387.93650794,490.653197563,945
047096800,1348.07625899,374.930183619,695
047097000,1216.37742303,386.745847171,877
047097400,1328.32479627,390.980295236,859
047098200,961.722304284,267.109500271,1354
047098400,1589.64606742,489.176399551,712
047098600,1311.77903683,390.114734321,1059
047098800,1305.1450237,359.647977678,1055
047099000,1745.50943396,534.912010485,636
047099200,1426.39774153,384.75307381,797
047099400,1474.49713631,473.689397539,873
047099600,1178.62262774,305.557049486,1370
047099800,1066.46831623,245.967184952,1657
047100400,1189.87467134,244.540269971,1141
047100600,1346.09951691,308.60941763,1035
047100800,1368.82254697,309.328273713,958
047101000,1600.37515225,360.19803969,821
047101200,1407.3437863,395.892667591,861
047101400,1392.69902913,481.144811463,824
047101600,1554.7202381,533.940038197,672
047101800,1319.25494505,377.148894488,910
047102000,1453.67769477,448.176247943,937
047102200,1391.67433832,369.599862342,869
047102400,1536.66254218,416.611572391,889
047102600,1559.18350515,447.372387364,970
047102800,2036.69904459,679.184887252,628
047103400,1337.55905512,384.357774749,1270
047105801,822.435656263,179.637494462,2339
047105804,1009.19759926,238.69583411,2166
047107000,2248.77777778,469.656148354,279
047107800,752.287909152,193.145474588,1497
047109800,1471.05506217,469.134390922,563
047110400,965.128479657,234.038351064,1401
047110600,998.467782427,238.91059299,1195
047111000,1191.32279693,338.404270085,1044
047111600,1368.71291866,426.158508651,1045
047111800,1237.4127182,407.177454352,802
047112000,1260.55607477,350.041483407,856
047112200,1286.51485149,332.326006616,909
047112400,1174.35043562,303.459079118,1033
047112600,1121.64102564,280.501556432,1092
047112800,1061.97959184,295.31777877,1176
047113000,920.233931241,261.835078604,1338
047113200,896.5538262,288.686835375,771
047113400,1424.66920732,507.742100184,656
047114201,1263.42826087,465.161490077,460
047114202,1066.25673759,333.545755643,705
047114400,1202.68473609,451.855294401,701
047114600,1165.19138756,348.902819979,836
047115000,1238.08142857,417.12447856,700
047115200,1049.80079681,307.007613076,753
047115600,1171.48696384,368.150152348,1189
047115800,1118.70623501,398.334646471,834
047116000,1169.37948084,404.895951485,809
047116200,997.687263556,314.143288786,793
047116400,1213.66459627,388.463877055,805
047116600,1163.38588235,327.853880937,850
047116800,1610.63314711,506.807650675,537
047117000,1518.16254417,522.714600758,566
047117201,1479.9984252,531.722413059,635
047117202,1192.13173653,383.164968723,1002
047117400,1090.30824008,324.902077711,983
047117601,1332.79937304,420.64938843,638
047117602,1238.28571429,367.888026963,742
047117800,1888.25728155,559.04341032,412
047118000,3293.83333333,1092.3733527,78
047118201,1347.12038304,381.846839306,731
047118202,1242.28939828,369.92052067,698
047118400,1236.5304721,342.004419213,1165
047118600,1484.56079027,501.606061954,658
047118800,1197.30061983,321.508659292,968
047119000,1638.13458262,537.688099267,587
047119200,1188.61124402,446.306906832,836
047119400,1064.21545455,343.082548946,1100
047119600,978.136231884,237.30176368,1380
047119800,1201.96014944,413.589086966,803
047120000,1377.88945578,434.267495676,588
047120200,1399.86132812,306.94259416,512
047120800,788.963252541,279.105143664,2558
047121000,1074.70380435,354.896672216,1104
047121400,1239.03842549,405.483530472,1067
047122000,1040.53646477,290.601965337,1618
047123700,614.323141487,225.513938402,1668
047150200,1086.69203223,338.760942669,1117
047152200,1057.9452182,292.620657346,1077
061000201,573.930196484,235.091884791,1934
061000202,329.486464145,94.0195274964,4839
061000600,208.393848783,65.8784676213,7023
061000700,106.237554741,39.4656942659,11189
061000800,209.682175623,95.0114140347,6104
061000900,287.232363758,121.067452507,2991
061001001,722.709053214,293.845071285,1447
061001002,461.177405374,173.921030507,3461
061001200,382.11645404,148.148316261,3057
061001300,154.604708261,53.8777429902,6924
061001401,402.841206828,160.681869288,2519
061001402,326.480950717,113.066836184,2861
061001501,184.913367121,73.1845362159,6314
061001502,125.662053897,51.5422069463,9611
061001600,190.152853044,78.2107604719,6274
061001800,184.650987637,69.3795882908,7037
061002000,543.536416983,191.483742351,2897
061002100,112.225197047,37.130342242,7993
061002201,266.046987088,110.300260285,5576
061002202,412.110647973,137.754940203,2639
061002400,467.84380505,126.157433432,3406
061002500,457.824258233,227.424177003,3067
061002601,390.972344807,145.120680074,3399
061002602,285.370438704,91.1990868806,4878
061002700,616.120521173,285.476765875,1228
061002800,256.826206057,73.7630013969,6571
061002900,206.736660269,87.3027714614,5210
061003001,223.349720084,84.5964239409,5716
061003002,312.125262842,123.755788299,3329
061003100,0.0888888888889,0.133333333333,45
061003200,157.673239437,72.8911116111,9230
061003300,165.966576332,59.806435335,6642
061003400,151.609782609,57.7896393409,8280
061003601,317.169239405,125.973512525,3563
061003602,315.287179487,128.257732971,3510
061003700,261.189812332,97.4440962665,3730
061003800,126.459900442,55.3623073791,10848
061003900,183.575365666,78.1670671318,6495
061004000,138.456334175,56.8580776442,9504
061004100,161.970809668,62.4838770534,7571
061004200,251.778690697,99.1757481049,3773
061004300,188.669444971,65.3091248254,5279
061004400,88.7021854892,34.6939093976,18028
061004500,486.356443105,184.892076054,1327
061004700,287.446524823,114.72143921,3525
061004800,171.464918303,69.7393306337,7283
061004900,195.262263149,74.1929463602,5647
061005000,147.000706414,57.9401335927,7078
061005200,180.893231649,67.0630330939,5245
061005400,171.560701865,72.1466205465,6326
061005501,231.431618867,89.5571783336,4219
061005502,307.368624692,112.998673526,2843
061005600,224.84426051,81.6937347307,4591
061005700,254.370330843,85.5442312769,3748
061005800,181.680510081,73.2823861066,5803
061005900,196.429891304,78.3357631847,5520
061006000,282.179216867,118.238322612,4648
061006100,198.79776848,77.7993327772,5019
061006200,475.238243296,222.230902606,2573
061006300,159.472410866,66.2242705989,7068
061006400,137.818328298,58.8678795931,9930
061006500,176.984859205,72.1374723562,7067
061006600,122.938344816,52.4105870247,11467
061006700,148.090288714,58.8141723321,7620
061006800,134.824233271,49.0382894971,8608
061006900,302.286855037,150.051876149,3256
061007000,125.025819827,46.2912644954,10612
061007100,180.798079901,68.1663057254,6458
061007200,108.396067691,42.8994860673,10223
061007300,144.711000243,53.8326420143,8218
061007400,182.323170732,75.4654342409,5412
061007500,242.357438017,93.5091328199,5324
061007600,274.811521418,107.518425659,3385
061007700,149.517728738,60.2253646074,8066
061007800,152.967175066,59.2729990691,9048
061007900,223.737556561,98.4400852595,5304
061008000,168.727476396,67.1861687727,6249
061008100,127.275642302,44.670879503,10042
061008200,194.413486557,88.7426792478,4612
061008300,252.263201151,97.207400685,4867
061008400,314.481597494,125.564982156,2554
061008601,374.027830011,137.109248035,2659
061008602,2294.27935223,1036.78331487,247
061008603,270.327679623,118.888167774,4245
061008700,153.529710759,58.1694611306,8263
061008800,140.309725808,52.0366189523,8133
061008900,202.208935018,82.2196944457,6648
061009000,133.005330964,59.381431767,9004
061009100,141.305612062,54.1702571225,8357
061009200,229.816059518,94.5169531124,3898
061009300,148.576957696,54.8895257599,9999
061009400,440.009225092,173.710441874,1084
061009500,275.871371656,104.820498234,3514
061009600,323.163835616,146.604983326,1825
061009700,343.69910216,166.940328176,4121
061009800,129.84259671,48.3872930741,8996
061009900,218.096931895,92.9849066333,5932
061010000,258.477358491,89.4582166995,3180
061010100,354.76221336,124.319212471,2006
061010200,433.27107438,142.355802771,1210
061010300,314.244796521,135.240684346,3219
061010400,493.323318093,204.4221043,1531
061010601,209.278666442,99.6338448497,5939
061010602,226.318608621,99.1777984828,4686
061010800,120.551664461,46.245753513,9823
061010900,571.112825458,224.315328731,1037
061011000,143.257759137,55.7769639159,8345
061011100,205.069878242,85.868993338,5667
061011201,519.789800138,193.790761372,1451
061011202,760.605042017,273.915190707,714
061011203,495.681763285,170.893439609,1656
061011300,470.774816176,155.035386692,1088
061011401,565.386792453,204.50688665,1272
061011402,302.201076509,92.2081571024,2601
061011500,260.521058038,100.115250387,3894
061011600,294.757118928,126.152879962,4179
061011700,267.49702925,113.405010233,4376
061011800,135.895501201,56.4624068071,9158
061011900,534.374015748,200.357312602,1524
061012000,288.469768914,101.254510933,3159
061012100,120.384050881,49.4436491981,12264
061012200,338.985496737,140.066149029,2758
061012400,134.769642549,50.4240539701,11582
061012500,201.341303205,65.8969262381,3806
061012600,106.531745441,44.431196224,13435
061012700,146.146527415,61.2967231063,9575
061012800,225.981586402,82.8630415419,4942
061012900,202.132388664,93.2930609457,7410
061013000,358.786661614,143.551745514,2639
061013100,204.442450347,65.260688881,4179
061013200,138.030976087,54.3526007307,11751
061013300,144.459085234,60.9868438638,8811
061013400,115.65730424,39.7642297735,12924
061013500,188.810312862,73.9397162171,8630
061013600,120.15818054,48.384492161,15653
061013700,136.226363988,44.8247127901,7753
061013800,99.9916944652,35.4124007182,14689
061013900,107.327295637,44.2292659898,12698
061014000,159.062593754,53.9581217218,7333
061014200,361.833716727,129.631528319,3043
061014300,1973.23026316,885.955891394,304
061014401,278.028840494,108.039295723,5097
061014402,212.454867739,88.5038528779,7334
061014500,210.52898163,79.32445721,5607
061014601,211.009713882,74.7613980963,5662
061014602,149.921488039,54.6681114498,9489
061014700,281.778658214,129.647785616,3786
061014801,322.040101042,85.7194637626,3167
061014802,174.475258918,53.7615076009,6952
061014900,186.394210526,59.0030919058,5700
061015001,462.483140655,162.042430027,2076
061015002,260.290585242,99.1702217258,3930
061015100,200.900801723,82.2068118903,8357
061015200,254.114323259,77.764980346,6849
061015300,127.827802431,43.8178510013,10366
061015400,108.97250837,41.5358679843,15532
061015500,156.094779789,59.0375400703,9559
061015601,221.17776791,77.4758148444,6756
061015602,594.891678976,215.488638716,2031
061015700,117.321399709,36.5380773692,12374
061015801,224.935802042,77.2271171364,5779
061015802,278.699650175,76.2083318151,4002
061015900,130.074730216,38.4349065768,11120
061016001,355.761268262,126.143793825,3217
061016002,394.566121842,128.933819775,2692
061016100,178.597560976,69.9283945819,7872
061016200,324.357855763,127.71357863,6212
061016300,191.087703436,53.0453184397,7742
061016400,356.375292865,128.246181436,4695
061016500,195.342625018,64.905242002,7139
061016600,296.08371845,107.699177805,5626
061016700,198.658999024,64.882724341,7173
061016800,435.384723788,139.617111961,3548
061016900,173.616116221,53.8835488681,9568
061017000,338.319581856,110.712971734,5357
061017100,158.642049093,55.9083769532,9370
061017200,405.995165394,125.20155928,3930
061017300,185.270674933,61.7908127643,8549
061017401,484.646600125,185.765976688,3206
061017402,605.119804401,224.612286394,2045
061017500,164.59823637,57.360002799,9299
061017700,200.190493691,76.2684864621,8163
061017800,543.08260739,196.091163615,3329
061017900,161.691532051,56.8592429415,9719
061018000,365.265057798,149.181114631,4931
061018100,195.788707386,65.5635761499,8448
061018200,370.365410498,107.973055451,4458
061018300,171.053186764,52.5729328066,9006
061018400,354.414629177,122.473321782,4908
061018500,271.446504442,100.252186875,5178
061018600,457.619103774,152.605256944,3392
061018700,179.905994695,68.5542129489,9425
061018800,459.919446705,165.807240866,3687
061018900,206.132042254,65.812865957,9088
061019000,460.308021039,151.588765689,3042
061019100,183.17998291,55.5918755791,9362
061019200,762.494309748,313.304191049,2021
061019300,229.852151177,80.7617787384,8414
061019400,420.747713415,145.890099091,3936
061019500,213.257897397,59.4046798781,7914
061019600,554.682426405,164.835354922,2242
061019701,1057.92608696,392.561979947,690
061019702,529.36091954,178.013101783,2610
061019800,565.994621246,212.536643255,2231
061019900,220.704080062,63.9444508822,6495
061020000,534.967741935,209.00295108,2325
061020101,1032.26853147,348.585806844,715
061020102,377.911111111,120.642762143,4230
061020300,684.587519026,196.631683414,1314
061020500,412.319407895,141.749768062,3040
061020600,563.02504817,231.48398453,2595
061020701,409.237380058,146.91561246,2397
061020800,392.457831325,154.061245727,4233
061020901,574.111746758,186.803609071,2622
061021000,373.436465232,146.869555836,4832
061021100,212.566929134,72.4838755261,8636
061021200,415.902558801,132.69116914,3869
061021303,367.259883199,142.514892667,4452
061021400,572.349612664,187.96561413,2969
061021500,495.512690355,178.800068938,2955
061021600,243.794236391,78.2713934255,7183
061021703,2276.18446602,700.745213407,206
061021800,269.160698536,87.0771863025,5669
061021900,458.99182058,140.903973434,3790
061022000,319.763797761,124.654682397,5182
061022102,547.020695364,173.813389729,2416
061022200,506.488268156,173.346588291,2685
061022301,361.199818182,92.5121333202,5500
061022302,633.161374673,243.263837425,2677
061022400,417.969839774,160.444851493,4244
061022500,278.436805646,86.1598351129,7651
061022600,492.478327698,185.999468236,3253
061022700,403.870621205,131.732260018,4282
061022800,404.227465786,127.139604134,4238
061022900,323.264040622,86.6488270708,6499
061023000,357.064334471,132.000939725,5860
061023100,314.881925014,86.4977743489,5361
061023200,386.999617737,124.431696943,5232
061023300,367.410668615,117.209590172,5474
061023400,439.543250951,130.447706389,4208
061023501,426.588862812,126.741969586,4687
061023502,916.207002457,343.998686117,1628
061023600,421.83902439,118.843835169,3895
061023700,403.102377927,119.827268782,5509
061023801,194.774257147,65.6919463336,7101
061023802,546.74605598,300.392277923,1965
061023900,713.686839577,181.961298353,2082
061024000,2905.93305439,994.596114855,239
061024100,341.053337751,76.4797804115,6037
061024200,636.37915937,219.050979984,2284
061024301,575.503103448,141.782850059,2900
061024302,631.615433471,238.656446235,3149
061024500,224.943037975,63.9817927049,9954
061024700,393.805178345,122.14532437,5523
061024900,1173.29753915,331.882264233,894
061025100,800.596638655,174.736811511,1785
061025300,257.429929577,68.4396615525,8520
061025500,461.643437627,186.823014343,4922
061025700,375.018537074,143.381453007,3992
061025900,440.892896781,129.177265189,3604
061026100,357.733175729,108.024313437,6345
061026300,341.075071537,87.643015946,5941
061026500,330.123502304,88.0513292468,6510
061026700,1096.8989575,342.371164978,1247
061026900,472.20456012,120.058959718,4649
061027100,374.479369971,102.736835201,5841
061027300,290.286171761,76.1854492671,6870
061027500,486.88755544,151.893312697,3833
061027700,565.405641026,132.739504412,3900
061027900,310.499811059,72.1552182854,7939
061028100,566.561635413,149.862534851,3253
061028300,407.705758796,107.801289191,5713
061028500,476.341093328,134.089775603,4811
061028700,507.319960376,178.9810901,4038
061029100,367.375568449,106.929283191,6377
061029300,423.642207164,107.78328568,5165
061029500,318.887117809,89.7307273618,6901
061029700,3392.83253589,1359.93691991,209
061029900,738.105028927,197.04082003,2247
061030300,468.655682094,106.807233347,4127
061030700,504.814171123,158.474035483,3740
061030900,522.407081933,144.070827277,3869
061031100,3434.03703704,1024.90231913,216
061031703,126.669570565,56.675748317,9757
061031704,148.887990295,65.5593583541,7419
061031900,2168.59259259,755.896481895,162
081000100,1054.50682261,346.74942495,513
081000200,1622.64204545,428.305551577,528
081000400,1399.19893617,405.224191768,940
081000600,1695.47254335,640.459608326,692
081000700,803.330827068,307.296906787,798
081000800,1826.81294964,541.021217827,556
081001000,1569.12244898,496.554972775,588
081001200,1393.08190709,413.602221187,818
081001400,1425.69581281,417.738828872,812
081001600,1761.10232558,630.141966507,645
081001800,1571.27115717,452.295593139,579
081001900,1338.20408163,403.878646063,245
081002000,1780.72746331,498.614679843,477
081002200,1763.97651663,498.449424097,511
081002400,1760.99482759,556.855645772,580
081002500,825.884681583,271.082975185,1162
081002600,1806.26156942,557.937514665,497
081002800,1583.9902507,516.165193613,718
081003000,1870.52279635,630.203206617,329
081003100,1307.70134228,488.540660265,298
081003200,2053.46420323,548.842283629,433
081003300,912.701201201,380.771266611,666
081003400,1843.06712963,543.97798691,432
081003600,1771.78836834,619.071529411,619
081003700,1927.09022556,619.894360221,133
081003800,1832.45168539,530.837160478,445
081003900,1372.48055556,450.602450751,360
081004001,1739.89852008,474.136094675,473
081004002,2131.87108014,504.394284298,287
081004200,1543.74854651,486.65998036,688
081004300,1516.90180361,658.057692917,499
081004401,1721.52893891,447.78910664,622
081004500,1330.62295082,448.118107326,488
081004700,1076.60606061,323.617346634,693
081005000,4019.17431193,1302.96264551,109
081005100,1049.64053537,408.983240399,523
081005200,1640.29411765,457.451779009,595
081005300,999.995073892,359.449389736,812
081005400,1226.125,405.431690148,1080
081005500,1294.0,436.69196629,269
081005700,1163.00670241,383.72492091,746
081005800,1236.24579832,405.514972245,952
081005900,1003.63265306,376.318280248,637
081006100,1077.46370531,440.901209654,923
081006201,1292.05451128,273.267666791,1064
081006202,1464.61049724,439.982913179,1086
081006300,1040.49571603,345.055389099,817
081006501,1477.51971326,490.845003151,558
081006502,1080.76041667,405.077601469,672
081006900,1008.18814433,322.999303541,776
081007100,1158.36734694,384.74085885,686
081007300,1204.08603667,401.219409895,709
081007500,962.80793854,345.143768052,781
081007700,1377.66766467,474.548812119,334
081007900,1244.27046784,399.068051257,684
081008100,1433.86872587,477.06255366,259
081008300,1192.11235955,344.966515684,534
081008500,1486.21653543,632.101756555,254
081008600,1463.6622807,422.723014916,684
081008700,1212.26736111,363.741623989,864
081008800,1383.24373259,437.826224924,718
081009100,1248.39908953,429.348197164,659
081009400,1521.33382138,347.932602945,683
081009500,1463.94331066,560.954129027,441
081009600,1523.38450502,436.676604771,697
081009700,1245.86335404,424.858924554,644
081009800,1434.86175115,312.602378861,651
081009900,3045.67857143,1182.22755343,84
081010000,1642.43793584,383.345282567,717
081010100,1287.02321725,444.662375141,603
081010200,1530.85818713,424.26576153,684
081010300,1162.85034965,350.576210841,715
081010400,1227.36836735,337.073390516,980
081010500,978.438139535,309.323840747,1075
081010600,1227.20054945,272.414322585,728
081010701,3356.84375,1524.68185017,96
081010800,1458.92779292,337.651831512,734
081011000,1433.46500593,381.446865017,843
081011100,1615.27586207,511.974847075,493
081011200,1693.18871595,503.602612766,514
081011300,1289.17831669,435.580119109,701
081011400,2110.08280255,692.242645369,314
081011500,1351.02211302,397.210153626,407
081011600,1645.83391003,550.55973619,578
081011700,1036.76373626,335.643587229,728
081011800,1658.11003861,448.609468254,518
081011900,1704.12714777,595.732371106,291
081012000,1618.74200426,485.700836461,469
081012100,1379.12474012,414.915722288,481
081012200,1520.74689441,477.342256175,644
081012301,1209.53666147,340.852257644,641
081012400,1378.62553191,401.373998228,705
081012500,1239.8972973,403.44654381,370
081012601,1792.79384615,590.530490432,650
081012602,1494.47189097,460.403661909,587
081012800,1709.31648352,510.898119175,455
081013000,1546.17955112,539.262607483,401
081013200,1624.69631236,621.442991207,461
081013400,1050.46238532,415.41781387,1090
081013500,1396.62407862,517.352191368,407
081013600,1259.14747475,449.517522319,495
081013700,1928.67083333,689.314012936,240
081013800,1295.93953488,579.609049284,645
081014000,1331.45585875,477.9232392,623
081014100,1449.38690476,537.24324098,336
081014201,1169.47453704,312.37113579,864
081014202,1620.28571429,626.850901664,497
081014300,1176.83333333,429.945937291,732
081014400,1796.31034483,635.248832211,377
081014500,1287.75646552,591.2086816,464
081014700,1422.87549407,589.987762235,506
081014800,1566.29081633,446.240890848,588
081014900,1235.48648649,516.008313032,592
081015000,1577.53529412,478.962429749,510
081015100,1271.60617761,473.710848563,518
081015200,1465.80630631,559.442184886,666
081015300,1481.78630137,475.272812214,365
081015400,1602.71099291,461.374492307,564
081015500,1201.0021978,463.295774782,455
081015600,1475.13069544,424.278660851,834
081015700,1273.65635739,419.292187659,291
081015801,1237.7542707,386.143929652,761
081015802,1244.67446592,343.331537696,983
081015900,1067.90625,364.112551666,608
081016100,1419.80152672,506.386561919,393
081016300,1221.12114286,407.828917885,875
081016400,1455.74709677,460.853510937,775
081016600,1258.63329584,347.775018758,889
081016800,1548.09600998,479.581825435,802
081016900,1192.18308081,538.684909763,792
081017000,1642.47095761,554.943529808,637
081017100,2879.39240506,1280.28975035,79
081017200,1740.68113208,546.868438827,530
081017400,1759.60846561,531.582936971,567
081017600,1914.36091954,590.562114008,435
081017800,1770.95019157,479.533664807,522
081017900,1122.39672131,305.786796794,305
081018000,2315.65703971,616.731691646,277
081018101,1383.03839122,499.740801527,547
081018102,976.33041958,307.052722986,572
081018200,1794.63209393,450.035650147,511
081018300,1034.2890411,364.809661962,730
081018401,2028.26570048,565.837364115,414
081018402,1857.86436782,588.624874702,435
081018501,1134.95222405,407.360294136,607
081018502,1295.12135922,419.124662273,618
081018600,2372.38978495,736.921406497,372
081018700,1522.13958333,486.843598385,480
081018800,2151.3800738,637.319539937,271
081018900,1501.93360996,508.875237652,482
081019000,2110.21709007,563.445376598,433
081019200,2198.36858974,663.604791882,312
081019400,1537.66040956,446.71138252,586
081019600,1477.82032401,494.838907403,679
081019800,1602.8380744,561.35690974,457
081019900,1566.5078534,521.581243945,191
081020200,1865.66233766,665.49877336,308
081020400,1354.50293542,423.63596114,511
081020500,1768.48355263,641.110683466,304
081020600,1541.48192771,600.086006302,415
081020800,1196.36270191,394.478896016,681
081021200,1242.16558442,457.149224158,616
081021400,1086.85867621,381.774725771,1118
081021600,1043.8614098,310.962771049,837
081021900,3019.57407407,1111.17906801,108
081022001,1146.05754615,445.097986014,921
081022002,1250.57302118,486.565318923,897
081022900,3040.09375,1027.16588776,96
081023000,1569.61215933,510.415766111,477
081023200,1272.01079914,522.320028693,926
081023500,960.662490789,316.989985654,1357
081023600,1576.88222698,442.968267343,467
081023800,976.614259598,313.163046376,1094
081024000,1018.01257334,356.9964082,1193
081024300,1216.92950655,490.277063049,993
081024500,1204.19763314,505.369892359,845
081024600,3102.57971014,1243.07623548,69
081024700,1921.19471947,741.007123946,303
081024900,1072.52,411.517225828,650
081025100,956.151287554,322.225418414,932
081025301,1079.19281915,350.445731932,752
081025302,1246.82157676,370.865861806,482
081025400,1023.73079538,407.198836144,1471
081025500,1536.40350877,532.78563283,342
081025700,1735.08360129,608.420794259,311
081025800,2161.32678133,647.832361934,407
081025900,1221.01225115,470.593009416,653
081026000,1981.96857143,676.927887753,350
081026100,785.402735562,286.441313326,1316
081026200,2246.32063492,769.204242652,315
081026300,931.912809473,310.258966209,929
081026400,2166.68660287,619.68784964,418
081026500,1238.68539326,417.19506459,623
081026600,2146.13623188,620.4221592,345
081026700,1001.16723164,316.302608376,885
081026901,1177.81121751,364.60290317,731
081026902,1104.83584131,376.618769344,731
081027000,1990.6372549,672.919308453,408
081027100,847.697315436,287.842169606,1490
081027200,1591.39412998,445.331199239,477
081027300,815.18762089,300.598293184,1551
081027400,1846.52849741,650.987692097,386
081027500,1107.63608247,367.035500557,970
081027600,2617.04878049,660.638234334,246
081027700,1032.96463816,321.036192526,1216
081027800,1857.36080178,509.236459114,449
081027900,956.107364685,300.477384939,1127
081028000,2536.2345679,730.25623076,324
081028100,1031.77178796,310.311478135,1113
081028200,2167.55521472,540.291000552,326
081028300,775.506800286,240.442928611,1397
081028400,1990.61368209,705.373285848,497
081028500,1039.96379526,326.643442238,801
081028700,1008.96539162,345.744319164,1098
081028800,1764.71006711,588.574005993,745
081028900,842.482124617,305.378749529,979
081029100,1034.38926174,387.593955282,1043
081029300,1699.69055375,588.068958584,307
081029400,1462.77864583,393.922673401,1152
081029500,1185.04722222,391.61891324,720
081029700,1472.02222222,700.657984759,450
081029900,3555.875,1657.68364038,64
081030600,1316.51318681,355.075702874,910
081030902,955.455817378,275.593430043,1358
081030903,1082.75977654,348.728671517,1074
081030904,1372.68399453,407.502399133,731
081031700,1021.57408844,342.379569444,1289
081032000,2234.63793103,511.748332329,580
081032700,1379.41466855,390.166189963,709
081032800,1673.90744467,635.136094581,497
081032900,1374.11525424,386.578360238,885
081033000,1346.0,465.857825112,1078
081033100,3446.84848485,1065.85131183,99
081033401,1879.4,699.772000377,495
081033402,903.888608871,336.444996399,1984
081033700,1255.62059974,421.360838732,767
081033900,1494.70180723,497.386824519,664
081034700,1585.8590604,466.313263651,745
081035100,1355.34741784,376.82618375,852
081035200,1876.76537585,667.057994191,439
081035300,1720.12883436,467.189481893,489
081035700,1432.6852071,429.725141032,845
081035800,1823.5728,761.948416394,625
081036100,1551.27490775,418.888526911,542
081036300,1973.84772727,721.714732209,440
081036500,1636.52217454,384.600000741,699
081036600,1759.00663717,463.216054842,452
081036700,1868.7614841,555.071355985,566
081036800,2185.50694444,543.054226467,432
081037100,1764.18024691,421.460260818,405
081037300,1669.2906793,414.601243819,633
081037500,1186.64610866,415.457068595,681
081037600,1443.01724138,398.359624532,986
081037700,1421.11111111,522.332758344,657
081037900,1170.83613031,404.229958159,1013
081038100,1229.67727772,429.783158735,911
081038301,3403.24576271,1375.48362425,118
081038302,3478.53900709,1631.24006249,141
081038400,2246.07194245,482.989146655,556
081039400,1835.35335689,526.147521625,566
081039800,2214.3019943,675.610700681,351
081039900,1268.44911147,318.639124454,619
081040000,2574.89393939,684.271772298,264
081040100,1010.57881356,251.34508161,1180
081040200,2159.0,674.703676477,388
081040300,1147.33777778,315.333251002,900
081040400,1755.78425656,490.878520045,686
081040500,1318.04518664,292.591008833,509
081040700,933.524271845,317.265175523,1236
081040900,958.487405542,267.883056835,794
081041100,1357.89792899,468.790218533,676
081041300,1456.47669173,440.898468572,665
081041400,1480.0188172,506.98319669,744
081041500,1386.07304117,374.345055776,753
081042400,2325.19721578,733.646816284,431
081042600,3764.29464286,1327.52567998,112
081042700,1222.42745098,347.157471098,765
081043200,2268.77669903,663.362999487,309
081043400,2192.44475138,625.867493123,362
081043701,1519.75856444,455.79189184,613
081043702,1334.91785323,416.834079238,913
081043900,1401.64217687,447.401710203,735
081044000,1719.17125382,523.06882587,654
081044301,1463.76287051,527.270330614,641
081044302,1153.99885714,427.285144927,875
081044400,1403.86729858,440.181429888,633
081044601,1386.62585034,435.66446633,588
081044602,1268.70280612,380.687665863,784
081044800,1417.01324503,456.099806326,604
081045000,1727.30803571,576.207877247,448
081045200,2411.09251101,959.933131161,227
081045400,1248.46659243,377.475736556,898
081045500,707.722692633,220.208968794,2362
081045600,2067.2,648.712708619,365
081045700,1441.05233645,491.615203737,535
081045800,1662.51094891,535.906424142,411
081045900,1539.03839442,574.756633309,573
081046000,1182.3135825,344.168199648,1097
081046100,1790.77149321,680.060710388,442
081046200,1068.67608862,338.068990119,1309
081046300,1298.11664075,491.891883685,643
081046400,2246.58116883,765.094405574,308
081046500,1534.95652174,485.671804867,483
081046600,1655.14619883,445.8301802,513
081046700,976.405328259,364.10819171,1051
081046800,1245.24969549,352.099757319,821
081046900,990.522824536,338.144021526,1402
081047000,1312.99874687,428.500958231,798
081047100,1229.07170294,406.652587707,781
081047200,1740.72156197,605.125821704,589
081047300,1293.93084112,330.8387151,535
081047500,1286.7816092,442.36398252,696
081047600,2185.97660819,775.834146525,342
081047800,1248.4068323,331.461983256,966
081047900,1197.29124005,418.932963816,879
081048000,1887.38626609,490.293971666,466
081048100,1163.42908224,409.772376136,839
081048200,1952.63529412,556.384347654,340
081048300,1503.41410488,620.481035225,553
081048400,1272.97037702,442.833977942,1114
081048500,1389.69457364,540.900431845,645
081048900,1662.57765668,646.640806517,367
081049200,1523.54919679,398.181419648,996
081049301,1751.51532033,535.432238945,359
081049302,1378.59826087,335.955879751,575
081049500,2134.53950954,765.039541617,367
081049600,1709.20773639,561.303909137,698
081049700,1520.94160584,472.201311507,548
081049900,1232.80100125,443.351284725,799
081050000,1190.33870968,383.636263423,930
081050201,1893.11783439,533.063872849,314
081050202,2282.01269841,881.250203099,315
081050400,2123.14893617,602.939659993,376
081050500,2043.65467626,653.245938982,278
081050600,2190.58409786,486.054061759,327
081050700,1411.47595357,426.366403084,603
081050800,2516.3884058,660.248747585,345
081051000,2367.58527132,761.158501863,258
081051100,1282.64902998,329.69524617,567
081051200,2096.58058252,638.279450308,515
081051300,1489.5,454.331154833,484
081051500,1421.07017544,460.686522897,627
081051600,2340.36886994,540.189970276,469
081051700,1547.45522388,427.596428813,402
081051800,2685.52777778,643.279329618,324
081052000,2418.25227964,517.968238841,329
081052100,1464.32251908,450.754792213,524
081052200,2162.25495751,616.549341305,353
081052400,1965.23414634,541.650531816,410
081052500,1593.68950749,458.075236028,467
081052600,2464.94674556,632.014559014,338
081052800,2094.76038339,598.244568952,313
081053000,2273.08293839,593.65499239,422
081053100,1182.52535761,404.949382822,769
081053200,2149.43520782,491.865439453,409
081053401,2328.52287582,680.861426735,459
081053500,1912.05,589.72505253,300
081053601,2528.30456853,733.830415764,394
081053800,2767.5625,785.919378718,384
081053900,1396.41891892,532.724194268,592
081054000,1468.53661465,549.125023935,833
081054200,1394.57830343,405.85412967,1226
081054500,1461.02480916,468.511112824,524
081054700,1410.6521146,399.050542532,733
081054800,1916.78242678,530.181189022,478
081054900,1109.07120419,297.919447757,955
081055100,1296.58467742,362.326458241,744
081055200,1654.80404355,454.158214372,643
081055300,1857.84900285,596.314794356,351
081055400,2001.71368421,469.640859896,475
081055500,1399.91777188,491.086565584,377
081055600,1935.14424951,642.609688415,513
081055700,1261.84053156,459.979107385,602
081055800,2275.54545455,791.818291028,396
081055900,2545.29767442,788.400648293,215
081056000,2014.86404834,651.467743746,331
081056100,3479.97087379,999.877908237,103
081056200,2432.73846154,836.419509926,390
081056400,2301.64795918,679.459569873,392
081056500,2090.2733119,747.689846576,311
081056600,2397.23411371,688.337411243,299
081056700,1412.9713877,515.88747848,699
081056800,1411.3196986,405.858442199,929
081057700,1525.33868379,441.145403226,623
081057900,2232.87068966,801.51893773,348
081058000,1997.40469208,696.249211064,682
081058100,1563.04882812,450.457636688,512
081058200,1889.22060958,645.13376852,689
081058300,1533.70567376,468.240302577,564
081058500,1333.89905363,378.96831631,634
081058700,1567.02359347,466.183794958,551
081058900,1034.21771218,279.169067382,813
081059000,2629.375,729.39068747,272
081059100,1154.21757771,440.733903794,933
081059200,3017.54934211,656.57330038,304
081059300,1115.40102828,352.385615641,778
081059400,2991.48461538,999.308057574,260
081059500,1270.44458128,385.437250619,812
081059600,3271.29909366,942.264484881,331
081059800,2422.74747475,703.675960752,396
081059900,1690.31868132,462.93874626,364
081060000,3021.84862385,741.420568736,218
081060100,1674.81980198,441.177630521,505
081060300,1900.36454849,514.172504512,299
081060600,3050.56112853,768.181508,319
081060701,3815.27368421,1513.98726315,95
081060800,2847.04892966,724.389169067,327
081061000,2769.1259542,584.837492451,262
081061200,2580.19767442,504.307289866,344
081061301,1313.37915235,496.553209121,873
081061302,3367.34375,1180.35956849,128
081061400,3125.69456067,599.663445778,239
081061601,2678.4973822,637.912015488,382
081061602,2903.53649635,787.283205913,274
081061800,2936.79150579,1118.10479522,259
081061900,1571.84749035,536.865020305,518
081062000,2954.30573248,917.563487139,314
081062100,1780.42973523,568.716125919,491
081062200,2571.29571106,555.616103039,443
081062300,2471.09411765,762.519327641,425
081062400,4948.05555556,1573.94429671,108
081062500,1706.46422018,671.366669309,545
081062600,2216.08052434,683.692605951,534
081062700,1620.4625624,564.323427532,601
081062900,1733.73965517,492.312527559,580
081063000,2552.38387097,1078.51551365,310
081063200,2334.95728643,724.417007857,398
081063301,2155.78419453,708.929389079,329
081063302,2109.38690476,674.541637574,336
081063500,1616.31446541,465.540524643,477
081063700,1672.67454545,604.01083319,550
081063800,1786.11754685,650.007290464,587
081063900,1328.6120944,338.265245702,678
081064101,1778.14482759,601.197721008,435
081064102,3425.91666667,888.033573394,84
081064500,1870.19142857,751.079937613,350
081064600,1906.12219959,883.151485703,491
081065000,2157.72660099,870.532392567,406
081065400,2015.52352941,713.498699614,510
081065501,3491.1980198,1322.06244093,101
081065600,1751.24867021,650.60011735,752
081065702,1787.79096045,576.50624077,354
081065703,1464.58089669,475.249696374,513
081065900,1821.36887608,602.675075013,347
081066000,1999.12132353,671.272355054,544
081066100,1894.98618785,761.354558652,362
081066300,1638.07663551,540.592199998,535
081066400,1610.04704205,574.332951858,1403
081066501,1485.58164852,476.58904317,643
081066701,1270.19572954,407.019013792,562
081066900,1930.81795511,628.979576208,401
081067100,1748.70982143,434.139875133,448
081067700,1690.95631068,491.231667949,412
081067900,1139.05882353,398.445838732,680
081068000,1395.81432039,550.556457586,824
081068200,2048.45487365,589.545574195,277
081068300,1379.20180723,368.682680518,664
081068700,1465.08959157,469.496171138,759
081069000,1921.61341853,650.433810479,626
081069300,1425.01260504,434.574519601,476
081069400,2168.08125,552.395618842,640
081069500,1770.79441624,669.843244054,394
081069701,1299.10553633,492.198900264,578
081069702,1564.79464286,605.041684007,560
081070300,1895.97733711,737.072527336,353
081070700,1865.61946903,764.276157294,339
081070900,1515.14325069,691.124754384,363
081071100,1354.45660377,532.408926995,530
081071303,1261.28548644,437.947033228,627
081071304,1260.4375,479.261895901,832
081071305,1444.02115385,479.999904553,520
081071306,1295.0,455.798711732,813
081071600,5584.63709677,1957.7462566,124
081071701,1221.64617486,350.492327929,732
081071702,1220.09708738,411.036127246,618
081071900,1239.0297619,422.485776986,504
081072100,1156.87875417,407.266399724,899
081072300,1626.39466667,692.099418263,375
081072900,1838.45714286,657.200544552,350
081073100,2024.8490566,901.587256855,265
081073700,1640.10691824,635.908223481,318
081073900,1264.10021322,375.307740111,469
081074100,1571.2304038,523.624955333,421
081074300,1163.19435737,374.064791347,638
081074500,1412.48372781,348.348028995,676
081074700,1443.99184339,570.542159218,613
081074900,1629.69553806,776.531536949,381
081075701,1279.37037037,428.655634972,567
081075702,1517.58802178,559.641274633,551
081076901,1335.08395062,546.941803006,405
081076902,2109.57613169,698.819678515,243
081077300,1622.32850242,601.421346007,414
081077500,1560.81185567,598.298599951,388
081077902,1410.07794118,500.145392037,680
081077903,1553.40863787,571.412024415,602
081077904,1257.87320574,431.432242048,836
081077905,1860.54620123,640.960089065,487
081077906,1319.57894737,455.797071282,570
081077907,1481.16697248,494.494432654,545
081077908,1786.86156648,606.993852622,549
081078800,2060.71703297,617.904876186,364
081079000,1948.20558882,489.963193852,501
081079200,1883.31278539,504.118608335,438
081079300,3897.51578947,1728.15976509,95
081079701,1096.73684211,402.470116392,912
081079702,1216.56689655,469.698415223,725
081079900,1106.67027027,310.866561338,740
081080301,1423.56413613,472.292361029,764
081080302,1329.09580052,354.060278737,762
081080900,1314.29314421,427.642609696,846
081081400,1570.46341463,568.902416775,779
081081800,1753.50275482,442.172989663,726
081083700,1175.24186992,398.906764348,984
081083800,1392.2233677,271.945966158,1164
081084000,1269.09035222,366.967486579,1306
081084500,1131.04694049,287.013642828,1193
081084601,1805.2576,496.521134796,625
081084602,2803.34693878,859.015358015,245
081084900,831.552422907,290.076110032,1135
081085300,956.998746867,293.608497964,798
081085500,1060.89568706,380.432067095,997
081085700,1160.47910593,450.277429688,1029
081085900,1042.69146825,305.5231609,1008
081086100,1497.03818616,439.229607263,419
081086300,970.806422837,387.305790305,1121
081086400,1621.79508197,644.341500254,732
081086500,1417.07868852,471.591304239,610
081086900,1283.77598152,468.753683254,433
081087100,1295.21616162,460.777570774,495
081088400,1048.1055409,284.638050855,1516
081088901,1189.21443442,263.381845668,1441
081089200,1109.85714286,201.856300719,1603
081090700,2278.06158358,594.476942494,341
081091601,3334.9952381,1936.61055044,420
081091602,5505.15625,2047.55363463,64
081091800,4823.68674699,1338.8436169,83
081091900,1436.57297297,325.536085656,925
081092200,2730.85427136,508.722852683,199
081092500,1526.74783862,342.593315756,694
081092800,2149.52487562,397.681338344,402
081092900,1424.33114447,387.494644288,1066
081093401,2154.13189448,530.867149888,417
081093402,1978.03476483,399.458534602,489
081093800,1883.52300613,373.522167096,652
081093900,1646.35714286,418.562387308,826
081094201,1738.64545455,321.76383691,550
081094202,2244.40998217,624.137049667,561
081094203,1177.663926,335.764803058,973
081094500,1458.4226087,402.132796939,1150
081094700,1691.72352941,319.837634114,510
081095400,1565.8255814,363.671475551,688
081096400,1927.71937984,438.627947029,645
081097202,2188.64970646,573.953332576,511
081097203,1851.157173,607.077253702,948
081097204,2317.30550285,557.837773179,527
081097300,2308.81176471,751.383649401,510
081098100,1714.63166397,463.498218821,619
081098700,1578.57453936,435.706734536,597
081099100,1433.8077879,443.428036583,1207
081099200,1642.34818482,307.845444849,606
081099701,2080.6471519,604.461531073,632
081099703,2254.54383117,443.823138144,616
081099704,2030.05300353,454.833430129,849
081099705,2265.10538642,559.323551159,427
081099801,1523.84938525,362.294538763,976
081099802,2115.58941606,575.724012236,548
081099900,4669.71028037,1359.86049469,107
081100801,2314.00277008,852.527568199,361
081100802,1597.8321392,418.539132359,977
081101001,1365.16313214,397.994124506,1226
081101002,2237.03526448,640.858532393,397
081101700,1556.13265306,452.084892818,1176
081102900,1932.93761141,534.061081553,561
081103201,1630.88133333,395.463072951,750
081103202,1637.39576547,493.869935623,614
081103300,1657.61598952,498.823080676,763
081103900,1311.86008969,342.252111554,1115
081104700,1269.60342262,392.715264751,1344
081105900,1668.67215364,535.017823622,729
081107201,1597.97319588,367.74795439,485
081108500,1814.29423459,635.854556434,503
081109300,1965.23484848,494.54774911,660
081109700,1953.43046358,664.319368568,453
081109900,1677.83834049,554.184692438,699
081111300,1858.89008043,834.480079197,373
081112300,1817.47277937,638.582506234,349
081112900,1983.86065574,786.005128844,366
081113300,2497.44352617,925.706603655,363
081113900,1534.35837246,466.327880498,639
081114100,1841.27015251,676.323213621,459
081114700,2161.96226415,879.324614004,424
081115100,2370.20083682,1030.82464573,239
081115500,1901.11208791,672.650557001,455
081115700,1511.60215054,505.217092636,558
081115900,1460.85584219,553.935645599,659
081116100,1203.23565891,435.487077553,645
081116300,1046.75452196,364.71179455,1161
081116700,1730.8310992,561.86226247,373
081117100,1266.38095238,454.997315967,420
081117500,1271.60500695,474.027169908,719
081118100,1579.14148681,496.451449972,417
081118500,1967.37878788,580.928082227,330
081118700,1710.70927318,599.605139746,399
081118900,1680.33552632,379.534547701,456
081119100,1527.41130604,397.61192805,513
081119300,1585.54663774,560.407507591,461
081119500,1903.85800604,614.890810143,331
081119900,1907.59810127,521.438156038,316
081120100,2090.56325301,635.721923406,332
081120300,2244.59797297,628.53166244,296
081120500,1485.57429719,418.153346211,498
081120700,1571.89257812,465.871514492,512
081121100,3697.33333333,966.890948748,87
081121500,1502.22190202,387.770461614,694
081122300,1467.72060858,510.930711185,723
081122701,798.87849162,229.051984447,2148
081122702,1244.9804287,358.444331296,1073
081124100,1570.60194175,484.203146311,618
081124700,1494.6686747,465.144043345,664
081125700,1624.06473595,508.704000754,587
081126500,1731.91105121,419.758167175,371
081126700,1780.2012987,602.70049243,462
081127700,1586.50643087,511.511904261,622
081128300,4033.00980392,1212.89375379,102
081129102,1839.96417445,482.543722845,642
081129103,1707.29191321,513.662952379,507
081129104,1870.83522727,479.99552986,704
081130100,1725.12674095,368.550141222,718
081133300,1642.56493506,471.242174335,616
081133900,2272.34375,667.269723847,320
081134100,1715.90838207,523.686554103,513
081134700,1361.91322314,439.40803159,1210
081136700,1475.44556678,405.037795743,891
081137700,1702.25589226,560.42828972,891
081138501,1804.89353612,487.679210811,789
081138502,3760.40625,778.376806859,64
081139900,2210.75,634.476104574,328
081140300,1843.12217195,605.443892251,442
081140901,2498.32126697,670.094585682,221
081140902,1628.08488613,513.549896929,483
081141700,1443.14459295,397.827272887,823
081142900,1631.68181818,443.071372169,748
081143500,2104.97815534,680.19674706,412
081144100,1634.87043796,458.331012319,548
081144700,1552.00401606,602.322945796,498
081145101,2186.1835443,669.291581468,316
081145102,1782.18588235,472.778960122,425
081145900,1631.76503759,463.614626503,532
081146300,1862.13435701,696.290608299,521
081146700,1689.74148297,572.191292538,499
081147100,1903.1045082,758.056364275,488
081147900,1834.11494253,620.276816559,609
081148300,2043.21243523,838.876896551,579
081150701,2488.88292683,908.203332805,410
081150702,2157.12313433,663.061686116,536
081152901,1821.3507109,577.805062243,844
081152902,2256.5295082,546.615581102,610
081155101,4256.19117647,1378.30461053,204
081155102,1643.84457478,400.965393901,1023
081156700,3167.33149171,749.858892949,181
081157101,1699.42204301,437.226553358,1116
081157102,2647.28919861,641.652974245,287
081157901,2081.0819209,606.900830178,708
081157902,2036.28917379,550.560667233,702
081157903,1824.54020101,550.757258915,796
081161700,1667.41787122,583.832197571,761
081162100,1559.27453027,546.022162351,958
085000300,761.588594705,250.489829731,491
085000600,1152.39065817,362.199591526,471
085000700,550.735404896,229.673864264,1062
085000800,501.522167488,213.635028746,1421
085000900,1361.71568627,588.938286873,408
085001100,804.456582633,301.913107073,714
085001700,1166.85876993,475.10622462,439
085001800,1471.42335766,728.7770034,137
085002001,904.41638796,327.036029898,598
085002002,670.094368341,215.51600389,657
085002100,579.169792695,144.478198821,1013
085002700,1309.91914894,392.774560005,235
085002900,616.91983556,192.927706086,973
085003300,691.676746611,195.89237568,959
085003600,645.881736527,228.01332871,668
085003900,897.717305152,319.507175792,757
085004000,276.512648095,114.92833653,3123
085004700,723.347826087,322.204313408,736
085005000,679.833957553,224.790352538,801
085005900,778.674038462,279.734724739,1040
085006400,606.340909091,166.381660601,836
085006700,720.141681901,181.356885259,1094
085007000,374.887081784,152.897554609,2152
085007400,561.306122449,167.270792542,931
085007500,770.73959445,193.551250326,937
085007700,1635.0875,506.237973889,400
085008100,774.740547588,236.43105516,767
085008900,3876.3125,1061.67160526,16
085009601,616.925889328,189.436968409,1012
085009602,561.768303187,171.707437184,1161
085009700,742.461061947,237.567262306,1130
085010500,528.842877095,122.346852832,1432
085011201,425.597533632,152.662937514,1784
085011202,475.454479769,143.250005139,1384
085011401,644.369633508,189.883201747,955
085011402,610.584536082,196.930341477,970
085012100,654.627118644,219.611152809,1180
085012200,543.655115512,189.261024107,1212
085012500,915.71097561,216.098522666,820
085012804,714.882745472,233.643879412,1049
085012805,738.63340564,241.733991934,922
085012806,473.943949045,125.892770255,1570
085013201,948.399527187,302.907438098,423
085013203,596.045185185,170.358199275,1350
085013204,517.92513369,146.675405825,1309
085013301,1546.33618234,344.574743268,351
085013302,786.106463878,186.656890829,789
085013400,612.686178862,179.517340515,1230
085013800,390.074360212,99.6396490268,2071
085014100,924.494100295,220.984435402,678
085014604,520.98992294,190.103425647,1687
085014605,644.937554969,175.091273645,1137
085014606,529.53314121,227.926547077,1735
085014607,689.917192429,188.850294312,1268
085014608,724.078976641,180.396581832,899
085014700,489.692118227,187.14851237,1218
085015100,431.214904679,156.905956455,1731
085015400,4904.125,1723.42884022,16
085015601,534.26279471,164.292923143,1739
085015602,692.548141087,181.810834715,1049
085015603,714.651770658,189.183759087,1186
085016901,585.608640407,205.341586274,787
085017005,686.502017756,199.264737721,1239
085017007,905.726347915,268.432581287,983
085017008,488.20756547,186.206848354,2062
085017009,774.996491228,239.066056502,1140
085017010,428.498973306,159.099749801,2435
085017011,613.361911988,183.946630403,1318
085017012,729.685131195,205.029970019,1029
085017300,697.938718663,244.658280258,718
085017600,586.105482304,135.764681998,1441
085017700,415.947058824,199.296277793,2040
085018100,724.448024948,362.959223655,962
085018701,909.554806071,248.699111881,593
085018702,376.521805274,123.469772053,1972
085018901,416.568536726,103.455251986,1729
085018902,519.34422658,166.007541697,1377
085019700,839.729133858,214.915131335,635
085019800,480.157613967,103.88789847,2062
085020100,708.886278195,193.24862312,1064
085020700,578.223747981,118.533116638,1238
085020801,428.856135987,83.7978729471,2412
085020803,652.587942822,207.130374551,1609
085020804,638.035285285,206.107906923,1332
085021300,546.253343824,124.932332507,1271
085022300,953.463320463,187.813576644,777
085022600,541.770131772,157.874895342,2049
085022800,3632.71875,1908.3190894,64
085023100,679.326027397,164.535911772,1095
085023900,896.149054505,243.081520276,899
085024401,546.68027942,116.997748425,1861
085024402,686.737281701,127.310593882,1317
085024700,682.390713477,136.996484958,883
085024800,637.819134078,115.944083772,1432
085025100,416.502298851,100.343241452,1740
085027301,760.597130243,209.769318834,906
085027302,724.246857143,177.017959415,875
085027702,575.287296898,130.689735181,1354
085027704,921.176056338,238.042614052,852
085027705,770.067555556,197.55682954,1125
085027706,944.550744249,252.589393693,739
085027900,1061.4374034,289.585987054,647
085029102,989.520737327,381.330116194,868
085029103,478.389882788,102.472644594,1621
085029104,581.692815249,182.390496957,1364
085030301,498.920754717,142.399690503,1325
085030302,694.829286798,211.076858083,1318
085031901,865.697333333,198.632990054,750
085031902,655.984310487,163.703555962,1211
