VanName,OBJECTID_1,OBJECTID,STATEFP,COUNTYFP,TRACTCE,GEOID,NAME,NAMELSAD,MTFCC,FUNCSTAT,ALAND,AWATER,INTPTLAT,INTPTLON,OBJECTID_2,OBJECTID_3,OID_,Name_1,FolderPath,SymbolID,AltMode,Base,Clamped,Extruded,Snippet,PopupInfo,Shape_Leng,BUFF_DIST,ORIG_FID,Shape_Le_1,MaxName,Shape_Le_2,Shape_Area
Beach 90,4501,22,36,81,97204,36081097204,972.04,Census Tract 972.04,G5020,S,391825,0,40.593907,-73.7811283,1,1,0,Beach 90,Dollar Vans/Untitled layer,0,0,0,-1,0,,,0.072694722,0.5,0,0.201724762,Beach 90,0.036980229,4.16839E-05
Beach 90,4502,35,36,81,103201,36081103201,1032.01,Census Tract 1032.01,G5020,S,409191,24134,40.6089555,-73.7554305,1,1,0,Beach 90,Dollar Vans/Untitled layer,0,0,0,-1,0,,,0.072694722,0.5,0,0.201724762,Beach 90,0.036263409,4.61086E-05
Beach 90,4503,3258,36,81,99801,36081099801,998.01,Census Tract 998.01,G5020,S,458753,0,40.5980924,-73.7575813,1,1,0,Beach 90,Dollar Vans/Untitled layer,0,0,0,-1,0,,,0.072694722,0.5,0,0.201724762,Beach 90,0.03091395,4.88067E-05
Q83 Murdock,4504,14,36,81,24000,36081024000,240,Census Tract 240,G5020,S,269687,0,40.7032769,-73.8050731,2,2,0,Q83 Murdock,Dollar Vans/Untitled layer,1,0,0,-1,0,,,0.077812674,0.5,1,0.409938814,Q83 Murdock,0.027094781,2.87365E-05
Q83 Murdock,4505,27,36,81,25800,36081025800,258,Census Tract 258,G5020,S,212176,0,40.696044,-73.787275,2,2,0,Q83 Murdock,Dollar Vans/Untitled layer,1,0,0,-1,0,,,0.077812674,0.5,1,0.409938814,Q83 Murdock,0.020153365,2.26061E-05
Q83 Murdock,4506,28,36,81,26000,36081026000,260,Census Tract 260,G5020,S,178375,0,40.6927524,-73.7933078,2,2,0,Q83 Murdock,Dollar Vans/Untitled layer,1,0,0,-1,0,,,0.077812674,0.5,1,0.409938814,Q83 Murdock,0.025534443,1.90038E-05
Q83 Murdock,4507,29,36,81,26200,36081026200,262,Census Tract 262,G5020,S,143393,0,40.6910079,-73.7920924,2,2,0,Q83 Murdock,Dollar Vans/Untitled layer,1,0,0,-1,0,,,0.077812674,0.5,1,0.409938814,Q83 Murdock,0.020766549,1.52765E-05
Q83 Murdock,4508,32,36,81,26600,36081026600,266,Census Tract 266,G5020,S,172997,0,40.6918812,-73.7816949,2,2,0,Q83 Murdock,Dollar Vans/Untitled layer,1,0,0,-1,0,,,0.077812674,0.5,1,0.409938814,Q83 Murdock,0.020155341,1.84305E-05
Q83 Murdock,4509,40,36,81,27000,36081027000,270,Census Tract 270,G5020,S,185253,0,40.6886842,-73.7913933,2,2,0,Q83 Murdock,Dollar Vans/Untitled layer,1,0,0,-1,0,,,0.077812674,0.5,1,0.409938814,Q83 Murdock,0.021150719,1.97354E-05
Q83 Murdock,4510,44,36,81,27400,36081027400,274,Census Tract 274,G5020,S,143721,0,40.684905,-73.788989,2,2,0,Q83 Murdock,Dollar Vans/Untitled layer,1,0,0,-1,0,,,0.077812674,0.5,1,0.409938814,Q83 Murdock,0.018468531,1.53102E-05
Q83 Murdock,4511,45,36,81,27800,36081027800,278,Census Tract 278,G5020,S,176450,0,40.6860785,-73.7829527,2,2,0,Q83 Murdock,Dollar Vans/Untitled layer,1,0,0,-1,0,,,0.077812674,0.5,1,0.409938814,Q83 Murdock,0.018567898,1.87968E-05
Q83 Murdock,4512,47,36,81,28000,36081028000,280,Census Tract 280,G5020,S,166103,0,40.6883062,-73.7797202,2,2,0,Q83 Murdock,Dollar Vans/Untitled layer,1,0,0,-1,0,,,0.077812674,0.5,1,0.409938814,Q83 Murdock,0.021355865,1.76953E-05
Q83 Murdock,4513,49,36,81,28200,36081028200,282,Census Tract 282,G5020,S,183213,0,40.6849853,-73.7738831,2,2,0,Q83 Murdock,Dollar Vans/Untitled layer,1,0,0,-1,0,,,0.077812674,0.5,1,0.409938814,Q83 Murdock,0.022251059,1.95169E-05
Q83 Murdock,4514,50,36,81,28400,36081028400,284,Census Tract 284,G5020,S,428443,0,40.6825051,-73.7778651,2,2,0,Q83 Murdock,Dollar Vans/Untitled layer,1,0,0,-1,0,,,0.077812674,0.5,1,0.409938814,Q83 Murdock,0.028433426,4.56385E-05
Q83 Murdock,4515,85,36,81,33402,36081033402,334.02,Census Tract 334.02,G5020,S,757762,0,40.6752752,-73.7718091,2,2,0,Q83 Murdock,Dollar Vans/Untitled layer,1,0,0,-1,0,,,0.077812674,0.5,1,0.409938814,Q83 Murdock,0.040280126,8.07098E-05
Q83 Murdock,4516,87,36,81,39400,36081039400,394,Census Tract 394,G5020,S,347184,0,40.6896366,-73.7587815,2,2,0,Q83 Murdock,Dollar Vans/Untitled layer,1,0,0,-1,0,,,0.077812674,0.5,1,0.409938814,Q83 Murdock,0.033909123,3.69864E-05
Q83 Murdock,4517,88,36,81,39800,36081039800,398,Census Tract 398,G5020,S,201345,0,40.6945661,-73.7647988,2,2,0,Q83 Murdock,Dollar Vans/Untitled layer,1,0,0,-1,0,,,0.077812674,0.5,1,0.409938814,Q83 Murdock,0.021626707,2.14515E-05
Q83 Murdock,4518,90,36,81,40200,36081040200,402,Census Tract 402,G5020,S,218312,0,40.7000316,-73.768763,2,2,0,Q83 Murdock,Dollar Vans/Untitled layer,1,0,0,-1,0,,,0.077812674,0.5,1,0.409938814,Q83 Murdock,0.02074302,2.32613E-05
Q83 Murdock,4519,91,36,81,40400,36081040400,404,Census Tract 404,G5020,S,477126,0,40.7052122,-73.7707281,2,2,0,Q83 Murdock,Dollar Vans/Untitled layer,1,0,0,-1,0,,,0.077812674,0.5,1,0.409938814,Q83 Murdock,0.029485153,5.08415E-05
Q83 Murdock,4520,95,36,81,41400,36081041400,414,Census Tract 414,G5020,S,472465,0,40.6996329,-73.7807637,2,2,0,Q83 Murdock,Dollar Vans/Untitled layer,1,0,0,-1,0,,,0.077812674,0.5,1,0.409938814,Q83 Murdock,0.033532296,5.03407E-05
Q83 Murdock,4521,98,36,81,43400,36081043400,434,Census Tract 434,G5020,S,205359,0,40.6961992,-73.7786463,2,2,0,Q83 Murdock,Dollar Vans/Untitled layer,1,0,0,-1,0,,,0.077812674,0.5,1,0.409938814,Q83 Murdock,0.023058732,2.18797E-05
Q83 Murdock,4522,108,36,81,44602,36081044602,446.02,Census Tract 446.02,G5020,S,170367,0,40.7081886,-73.799851,2,2,0,Q83 Murdock,Dollar Vans/Untitled layer,1,0,0,-1,0,,,0.077812674,0.5,1,0.409938814,Q83 Murdock,0.01772057,1.81549E-05
Q83 Murdock,4523,135,36,81,36600,36081036600,366,Census Tract 366,G5020,S,368990,0,40.6856494,-73.7631013,2,2,0,Q83 Murdock,Dollar Vans/Untitled layer,1,0,0,-1,0,,,0.077812674,0.5,1,0.409938814,Q83 Murdock,0.033674504,3.93075E-05
Q83 Murdock,4524,138,36,81,36800,36081036800,368,Census Tract 368,G5020,S,227838,0,40.6852929,-73.7664502,2,2,0,Q83 Murdock,Dollar Vans/Untitled layer,1,0,0,-1,0,,,0.077812674,0.5,1,0.409938814,Q83 Murdock,0.019649932,2.42707E-05
Q83 Murdock,4525,183,36,81,35200,36081035200,352,Census Tract 352,G5020,S,607681,0,40.6794884,-73.7576222,2,2,0,Q83 Murdock,Dollar Vans/Untitled layer,1,0,0,-1,0,,,0.077812674,0.5,1,0.409938814,Q83 Murdock,0.039881956,6.47288E-05
Q83 Murdock,4526,199,36,81,44000,36081044000,440,Census Tract 440,G5020,S,378972,0,40.7026744,-73.7846247,2,2,0,Q83 Murdock,Dollar Vans/Untitled layer,1,0,0,-1,0,,,0.077812674,0.5,1,0.409938814,Q83 Murdock,0.030422752,4.03811E-05
Q83 Murdock,4527,200,36,81,44601,36081044601,446.01,Census Tract 446.01,G5020,S,223998,0,40.7049597,-73.7977926,2,2,0,Q83 Murdock,Dollar Vans/Untitled layer,1,0,0,-1,0,,,0.077812674,0.5,1,0.409938814,Q83 Murdock,0.020243839,2.38687E-05
Q83 Murdock,4528,331,36,81,59200,36081059200,592,Census Tract 592,G5020,S,281264,0,40.700978,-73.7290173,2,2,0,Q83 Murdock,Dollar Vans/Untitled layer,1,0,0,-1,0,,,0.077812674,0.5,1,0.409938814,Q83 Murdock,0.028900092,2.99687E-05
Q83 Murdock,4529,333,36,81,59400,36081059400,594,Census Tract 594,G5020,S,222046,0,40.6984691,-73.7311844,2,2,0,Q83 Murdock,Dollar Vans/Untitled layer,1,0,0,-1,0,,,0.077812674,0.5,1,0.409938814,Q83 Murdock,0.022535296,2.36584E-05
Q83 Murdock,4530,335,36,81,59800,36081059800,598,Census Tract 598,G5020,S,206471,0,40.6982947,-73.7406666,2,2,0,Q83 Murdock,Dollar Vans/Untitled layer,1,0,0,-1,0,,,0.077812674,0.5,1,0.409938814,Q83 Murdock,0.018985182,2.1999E-05
Q83 Murdock,4531,337,36,81,60000,36081060000,600,Census Tract 600,G5020,S,176717,0,40.695063,-73.7333032,2,2,0,Q83 Murdock,Dollar Vans/Untitled layer,1,0,0,-1,0,,,0.077812674,0.5,1,0.409938814,Q83 Murdock,0.018583543,1.88279E-05
Q83 Murdock,4532,338,36,81,60600,36081060600,606,Census Tract 606,G5020,S,215296,0,40.6917471,-73.7353308,2,2,0,Q83 Murdock,Dollar Vans/Untitled layer,1,0,0,-1,0,,,0.077812674,0.5,1,0.409938814,Q83 Murdock,0.020043196,2.29368E-05
Q83 Murdock,4533,340,36,81,60800,36081060800,608,Census Tract 608,G5020,S,211446,0,40.6936037,-73.7413143,2,2,0,Q83 Murdock,Dollar Vans/Untitled layer,1,0,0,-1,0,,,0.077812674,0.5,1,0.409938814,Q83 Murdock,0.019955421,2.25275E-05
Q83 Murdock,4534,341,36,81,61400,36081061400,614,Census Tract 614,G5020,S,258265,0,40.6861138,-73.7295042,2,2,0,Q83 Murdock,Dollar Vans/Untitled layer,1,0,0,-1,0,,,0.077812674,0.5,1,0.409938814,Q83 Murdock,0.022532638,2.75125E-05
Q83 Murdock,4535,352,36,81,51600,36081051600,516,Census Tract 516,G5020,S,184315,0,40.7027238,-73.7472616,2,2,0,Q83 Murdock,Dollar Vans/Untitled layer,1,0,0,-1,0,,,0.077812674,0.5,1,0.409938814,Q83 Murdock,0.022279071,1.96398E-05
Q83 Murdock,4536,355,36,81,51800,36081051800,518,Census Tract 518,G5020,S,169821,0,40.7018381,-73.7520094,2,2,0,Q83 Murdock,Dollar Vans/Untitled layer,1,0,0,-1,0,,,0.077812674,0.5,1,0.409938814,Q83 Murdock,0.018854925,1.8095E-05
Q83 Murdock,4537,357,36,81,52200,36081052200,522,Census Tract 522,G5020,S,169840,0,40.7004447,-73.7573683,2,2,0,Q83 Murdock,Dollar Vans/Untitled layer,1,0,0,-1,0,,,0.077812674,0.5,1,0.409938814,Q83 Murdock,0.018849941,1.80965E-05
Q83 Murdock,4538,378,36,81,52400,36081052400,524,Census Tract 524,G5020,S,196181,0,40.7012277,-73.7619595,2,2,0,Q83 Murdock,Dollar Vans/Untitled layer,1,0,0,-1,0,,,0.077812674,0.5,1,0.409938814,Q83 Murdock,0.019694981,2.09036E-05
Q83 Murdock,4539,379,36,81,52800,36081052800,528,Census Tract 528,G5020,S,180396,0,40.6940352,-73.7587303,2,2,0,Q83 Murdock,Dollar Vans/Untitled layer,1,0,0,-1,0,,,0.077812674,0.5,1,0.409938814,Q83 Murdock,0.022517553,1.92194E-05
Q83 Murdock,4540,380,36,81,53000,36081053000,530,Census Tract 530,G5020,S,230158,0,40.6963382,-73.7525403,2,2,0,Q83 Murdock,Dollar Vans/Untitled layer,1,0,0,-1,0,,,0.077812674,0.5,1,0.409938814,Q83 Murdock,0.020601098,2.45221E-05
Q83 Murdock,4541,381,36,81,61800,36081061800,618,Census Tract 618,G5020,S,242406,0,40.6768927,-73.736406,2,2,0,Q83 Murdock,Dollar Vans/Untitled layer,1,0,0,-1,0,,,0.077812674,0.5,1,0.409938814,Q83 Murdock,0.021592694,2.58195E-05
Q83 Murdock,4542,383,36,81,62000,36081062000,620,Census Tract 620,G5020,S,215541,0,40.6810535,-73.7378078,2,2,0,Q83 Murdock,Dollar Vans/Untitled layer,1,0,0,-1,0,,,0.077812674,0.5,1,0.409938814,Q83 Murdock,0.021262776,2.29593E-05
Q83 Murdock,4543,386,36,81,62600,36081062600,626,Census Tract 626,G5020,S,432727,0,40.6819819,-73.7481273,2,2,0,Q83 Murdock,Dollar Vans/Untitled layer,1,0,0,-1,0,,,0.077812674,0.5,1,0.409938814,Q83 Murdock,0.02917639,4.60947E-05
Q83 Murdock,4544,396,36,81,53401,36081053401,534.01,Census Tract 534.01,G5020,S,259746,0,40.6998219,-73.7441554,2,2,0,Q83 Murdock,Dollar Vans/Untitled layer,1,0,0,-1,0,,,0.077812674,0.5,1,0.409938814,Q83 Murdock,0.024863887,2.76758E-05
Q83 Murdock,4545,399,36,81,53601,36081053601,536.01,Census Tract 536.01,G5020,S,190875,0,40.7067119,-73.7458711,2,2,0,Q83 Murdock,Dollar Vans/Untitled layer,1,0,0,-1,0,,,0.077812674,0.5,1,0.409938814,Q83 Murdock,0.020673131,2.03397E-05
Q83 Murdock,4546,423,36,81,64600,36081064600,646,Census Tract 646,G5020,S,405340,0,40.6727862,-73.7423478,2,2,0,Q83 Murdock,Dollar Vans/Untitled layer,1,0,0,-1,0,,,0.077812674,0.5,1,0.409938814,Q83 Murdock,0.030536358,4.31714E-05
Q83 Murdock,4547,442,36,81,65600,36081065600,656,Census Tract 656,G5020,S,586454,0,40.6598064,-73.7295786,2,2,0,Q83 Murdock,Dollar Vans/Untitled layer,1,0,0,-1,0,,,0.077812674,0.5,1,0.409938814,Q83 Murdock,0.053200402,6.24496E-05
Q83 Murdock,4548,448,36,81,66000,36081066000,660,Census Tract 660,G5020,S,387323,0,40.6585725,-73.7333705,2,2,0,Q83 Murdock,Dollar Vans/Untitled layer,1,0,0,-1,0,,,0.077812674,0.5,1,0.409938814,Q83 Murdock,0.027187812,4.12439E-05
Q83 Murdock,4549,494,36,81,69000,36081069000,690,Census Tract 690,G5020,S,351305,0,40.6603597,-73.7554396,2,2,0,Q83 Murdock,Dollar Vans/Untitled layer,1,0,0,-1,0,,,0.077812674,0.5,1,0.409938814,Q83 Murdock,0.031692611,3.74097E-05
Q83 Murdock,4550,509,36,81,69400,36081069400,694,Census Tract 694,G5020,S,521733,10940,40.6559253,-73.7500615,2,2,0,Q83 Murdock,Dollar Vans/Untitled layer,1,0,0,-1,0,,,0.077812674,0.5,1,0.409938814,Q83 Murdock,0.042558109,5.67191E-05
Q83 Murdock,4551,1529,36,81,53800,36081053800,538,Census Tract 538,G5020,S,189270,0,40.7064706,-73.7425265,2,2,0,Q83 Murdock,Dollar Vans/Untitled layer,1,0,0,-1,0,,,0.077812674,0.5,1,0.409938814,Q83 Murdock,0.021972765,2.01686E-05
Q83 Murdock,4552,1546,36,81,24600,36081024600,246,Census Tract 246,G5020,S,303505,0,40.7012272,-73.7965542,2,2,0,Q83 Murdock,Dollar Vans/Untitled layer,1,0,0,-1,0,,,0.077812674,0.5,1,0.409938814,Q83 Murdock,0.026053013,3.2339E-05
Q83 Murdock,4553,1550,36,81,59600,36081059600,596,Census Tract 596,G5020,S,194550,0,40.6971372,-73.7370565,2,2,0,Q83 Murdock,Dollar Vans/Untitled layer,1,0,0,-1,0,,,0.077812674,0.5,1,0.409938814,Q83 Murdock,0.018825229,2.07285E-05
Q83 Murdock,4554,1656,36,81,26400,36081026400,264,Census Tract 264,G5020,S,254449,0,40.6922318,-73.7857904,2,2,0,Q83 Murdock,Dollar Vans/Untitled layer,1,0,0,-1,0,,,0.077812674,0.5,1,0.409938814,Q83 Murdock,0.027983964,2.71086E-05
Q83 Murdock,4555,1659,36,81,52600,36081052600,526,Census Tract 526,G5020,S,182169,0,40.6970985,-73.7597587,2,2,0,Q83 Murdock,Dollar Vans/Untitled layer,1,0,0,-1,0,,,0.077812674,0.5,1,0.409938814,Q83 Murdock,0.018424024,1.94093E-05
Q83 Murdock,4556,1698,36,81,40000,36081040000,400,Census Tract 400,G5020,S,195951,0,40.6981515,-73.7648684,2,2,0,Q83 Murdock,Dollar Vans/Untitled layer,1,0,0,-1,0,,,0.077812674,0.5,1,0.409938814,Q83 Murdock,0.019907885,2.0878E-05
Q83 Murdock,4557,1702,36,81,53200,36081053200,532,Census Tract 532,G5020,S,189803,0,40.7001025,-73.749092,2,2,0,Q83 Murdock,Dollar Vans/Untitled layer,1,0,0,-1,0,,,0.077812674,0.5,1,0.409938814,Q83 Murdock,0.026002289,2.02236E-05
Q83 Murdock,4558,1703,36,81,59000,36081059000,590,Census Tract 590,G5020,S,158599,0,40.7012577,-73.7369979,2,2,0,Q83 Murdock,Dollar Vans/Untitled layer,1,0,0,-1,0,,,0.077812674,0.5,1,0.409938814,Q83 Murdock,0.02008288,1.6899E-05
Q83 Murdock,4559,1705,36,81,63200,36081063200,632,Census Tract 632,G5020,S,296579,0,40.676519,-73.7405119,2,2,0,Q83 Murdock,Dollar Vans/Untitled layer,1,0,0,-1,0,,,0.077812674,0.5,1,0.409938814,Q83 Murdock,0.030310106,3.15894E-05
Q83 Murdock,4560,1769,36,81,52000,36081052000,520,Census Tract 520,G5020,S,172214,0,40.7011396,-73.7546876,2,2,0,Q83 Murdock,Dollar Vans/Untitled layer,1,0,0,-1,0,,,0.077812674,0.5,1,0.409938814,Q83 Murdock,0.018929222,1.83495E-05
Q83 Murdock,4561,1770,36,81,27600,36081027600,276,Census Tract 276,G5020,S,158517,0,40.6875874,-73.7862388,2,2,0,Q83 Murdock,Dollar Vans/Untitled layer,1,0,0,-1,0,,,0.077812674,0.5,1,0.409938814,Q83 Murdock,0.020309262,1.68867E-05
Q83 Murdock,4562,1771,36,81,46000,36081046000,460,Census Tract 460,G5020,S,221268,0,40.7082566,-73.79349,2,2,0,Q83 Murdock,Dollar Vans/Untitled layer,1,0,0,-1,0,,,0.077812674,0.5,1,0.409938814,Q83 Murdock,0.020043442,2.35791E-05
Q83 Murdock,4563,1783,36,81,42600,36081042600,426,Census Tract 426,G5020,S,529060,0,40.6888457,-73.7702131,2,2,0,Q83 Murdock,Dollar Vans/Untitled layer,1,0,0,-1,0,,,0.077812674,0.5,1,0.409938814,Q83 Murdock,0.031850426,5.6362E-05
Q83 Murdock,4564,1784,36,81,38400,36081038400,384,Census Tract 384,G5020,S,297431,0,40.6933425,-73.7476396,2,2,0,Q83 Murdock,Dollar Vans/Untitled layer,1,0,0,-1,0,,,0.077812674,0.5,1,0.409938814,Q83 Murdock,0.024141023,3.16882E-05
Q83 Murdock,4565,1808,36,81,33401,36081033401,334.01,Census Tract 334.01,G5020,S,560704,0,40.6791766,-73.767437,2,2,0,Q83 Murdock,Dollar Vans/Untitled layer,1,0,0,-1,0,,,0.077812674,0.5,1,0.409938814,Q83 Murdock,0.034434569,5.97246E-05
Q83 Murdock,4566,1819,36,81,50400,36081050400,504,Census Tract 504,G5020,S,216061,0,40.7051206,-73.7643599,2,2,0,Q83 Murdock,Dollar Vans/Untitled layer,1,0,0,-1,0,,,0.077812674,0.5,1,0.409938814,Q83 Murdock,0.01978941,2.30228E-05
Q83 Murdock,4567,1820,36,81,43200,36081043200,432,Census Tract 432,G5020,S,234670,0,40.6913418,-73.7759209,2,2,0,Q83 Murdock,Dollar Vans/Untitled layer,1,0,0,-1,0,,,0.077812674,0.5,1,0.409938814,Q83 Murdock,0.029851531,2.50009E-05
Q83 Murdock,4568,2743,36,81,42400,36081042400,424,Census Tract 424,G5020,S,517326,0,40.6953881,-73.7722607,2,2,0,Q83 Murdock,Dollar Vans/Untitled layer,1,0,0,-1,0,,,0.077812674,0.5,1,0.409938814,Q83 Murdock,0.034196792,5.5117E-05
Q83 Murdock,4569,2757,36,81,62200,36081062200,622,Census Tract 622,G5020,S,439282,0,40.6919467,-73.7288675,2,2,0,Q83 Murdock,Dollar Vans/Untitled layer,1,0,0,-1,0,,,0.077812674,0.5,1,0.409938814,Q83 Murdock,0.031451156,4.68E-05
Q83 Murdock,4570,4899,36,81,44400,36081044400,444,Census Tract 444,G5020,S,901380,0,40.7057596,-73.7818256,2,2,0,Q83 Murdock,Dollar Vans/Untitled layer,1,0,0,-1,0,,,0.077812674,0.5,1,0.409938814,Q83 Murdock,0.068701247,9.60502E-05
Remsen,4571,1223,36,47,51601,36047051601,516.01,Census Tract 516.01,G5020,S,116043,0,40.6386247,-73.9567096,3,6,0,Remsen,Dollar Vans/Untitled layer,0,0,0,-1,0,,Unconfirmed - Unridden,0.055170187,0.5,5,0.290414385,Remsen,0.014521423,1.23532E-05
Remsen,4572,1292,36,47,79801,36047079801,798.01,Census Tract 798.01,G5020,S,129680,0,40.6600109,-73.9587186,3,6,0,Remsen,Dollar Vans/Untitled layer,0,0,0,-1,0,,Unconfirmed - Unridden,0.055170187,0.5,5,0.290414385,Remsen,0.014879756,1.38092E-05
Remsen,4573,1293,36,47,79802,36047079802,798.02,Census Tract 798.02,G5020,S,106372,0,40.6579907,-73.9613712,3,6,0,Remsen,Dollar Vans/Untitled layer,0,0,0,-1,0,,Unconfirmed - Unridden,0.055170187,0.5,5,0.290414385,Remsen,0.015471277,1.13269E-05
Remsen,4574,1881,36,47,50803,36047050803,508.03,Census Tract 508.03,G5020,S,56086,0,40.6539088,-73.9606234,3,6,0,Remsen,Dollar Vans/Untitled layer,0,0,0,-1,0,,Unconfirmed - Unridden,0.055170187,0.5,5,0.290414385,Remsen,0.009894805,5.97182E-06
Remsen,4575,1882,36,47,50804,36047050804,508.04,Census Tract 508.04,G5020,S,103103,0,40.652835,-73.963573,3,6,0,Remsen,Dollar Vans/Untitled layer,0,0,0,-1,0,,Unconfirmed - Unridden,0.055170187,0.5,5,0.290414385,Remsen,0.013646601,1.09779E-05
Remsen,4576,1883,36,47,51002,36047051002,510.02,Census Tract 510.02,G5020,S,107067,0,40.6487514,-73.9603672,3,6,0,Remsen,Dollar Vans/Untitled layer,0,0,0,-1,0,,Unconfirmed - Unridden,0.055170187,0.5,5,0.290414385,Remsen,0.014411785,1.13993E-05
Remsen,4577,1921,36,47,65200,36047065200,652,Census Tract 652,G5020,S,174713,0,40.614762,-73.9300726,3,6,0,Remsen,Dollar Vans/Untitled layer,0,0,0,-1,0,,Unconfirmed - Unridden,0.055170187,0.5,5,0.290414385,Remsen,0.020039464,1.85921E-05
Remsen,4578,1926,36,47,66000,36047066000,660,Census Tract 660,G5020,S,152314,0,40.6090466,-73.92808,3,6,0,Remsen,Dollar Vans/Untitled layer,0,0,0,-1,0,,Unconfirmed - Unridden,0.055170187,0.5,5,0.290414385,Remsen,0.016651765,1.62073E-05
Remsen,4579,1927,36,47,66200,36047066200,662,Census Tract 662,G5020,S,231462,0,40.6093052,-73.924372,3,6,0,Remsen,Dollar Vans/Untitled layer,0,0,0,-1,0,,Unconfirmed - Unridden,0.055170187,0.5,5,0.290414385,Remsen,0.026188646,2.46293E-05
Remsen,4580,1929,36,47,67200,36047067200,672,Census Tract 672,G5020,S,174237,0,40.618747,-73.9278042,3,6,0,Remsen,Dollar Vans/Untitled layer,0,0,0,-1,0,,Unconfirmed - Unridden,0.055170187,0.5,5,0.290414385,Remsen,0.023683191,1.85425E-05
Remsen,4581,1930,36,47,67400,36047067400,674,Census Tract 674,G5020,S,189209,0,40.6198305,-73.9302723,3,6,0,Remsen,Dollar Vans/Untitled layer,0,0,0,-1,0,,Unconfirmed - Unridden,0.055170187,0.5,5,0.290414385,Remsen,0.021120714,2.01363E-05
Remsen,4582,1931,36,47,67600,36047067600,676,Census Tract 676,G5020,S,155374,0,40.624995,-73.9272011,3,6,0,Remsen,Dollar Vans/Untitled layer,0,0,0,-1,0,,Unconfirmed - Unridden,0.055170187,0.5,5,0.290414385,Remsen,0.02067634,1.65368E-05
Remsen,4583,1932,36,47,68000,36047068000,680,Census Tract 680,G5020,S,168859,0,40.6213764,-73.9251879,3,6,0,Remsen,Dollar Vans/Untitled layer,0,0,0,-1,0,,Unconfirmed - Unridden,0.055170187,0.5,5,0.290414385,Remsen,0.017030885,1.79711E-05
Remsen,4584,1933,36,47,68200,36047068200,682,Census Tract 682,G5020,S,202229,0,40.6166469,-73.9241304,3,6,0,Remsen,Dollar Vans/Untitled layer,0,0,0,-1,0,,Unconfirmed - Unridden,0.055170187,0.5,5,0.290414385,Remsen,0.020567765,2.15208E-05
Remsen,4585,1939,36,47,72200,36047072200,722,Census Tract 722,G5020,S,257178,0,40.6319999,-73.9243887,3,6,0,Remsen,Dollar Vans/Untitled layer,0,0,0,-1,0,,Unconfirmed - Unridden,0.055170187,0.5,5,0.290414385,Remsen,0.028399523,2.73749E-05
Remsen,4586,1940,36,47,72400,36047072400,724,Census Tract 724,G5020,S,192192,0,40.6341061,-73.9270557,3,6,0,Remsen,Dollar Vans/Untitled layer,0,0,0,-1,0,,Unconfirmed - Unridden,0.055170187,0.5,5,0.290414385,Remsen,0.022119554,2.04582E-05
Remsen,4587,1941,36,47,72600,36047072600,726,Census Tract 726,G5020,S,275167,0,40.6324139,-73.9338762,3,6,0,Remsen,Dollar Vans/Untitled layer,0,0,0,-1,0,,Unconfirmed - Unridden,0.055170187,0.5,5,0.290414385,Remsen,0.022845807,2.92897E-05
Remsen,4588,1942,36,47,73200,36047073200,732,Census Tract 732,G5020,S,159999,0,40.627928,-73.9336058,3,6,0,Remsen,Dollar Vans/Untitled layer,0,0,0,-1,0,,Unconfirmed - Unridden,0.055170187,0.5,5,0.290414385,Remsen,0.017053907,1.70297E-05
Remsen,4589,1980,36,47,34900,36047034900,349,Census Tract 349,G5020,S,163209,0,40.6682771,-73.9297783,3,6,0,Remsen,Dollar Vans/Untitled layer,0,0,0,-1,0,,Unconfirmed - Unridden,0.055170187,0.5,5,0.290414385,Remsen,0.018080291,1.73817E-05
Remsen,4590,1984,36,47,35500,36047035500,355,Census Tract 355,G5020,S,138408,0,40.664405,-73.9334722,3,6,0,Remsen,Dollar Vans/Untitled layer,0,0,0,-1,0,,Unconfirmed - Unridden,0.055170187,0.5,5,0.290414385,Remsen,0.020143085,1.47396E-05
Remsen,4591,1985,36,47,35700,36047035700,357,Census Tract 357,G5020,S,181542,0,40.6680351,-73.9268254,3,6,0,Remsen,Dollar Vans/Untitled layer,0,0,0,-1,0,,Unconfirmed - Unridden,0.055170187,0.5,5,0.290414385,Remsen,0.019450129,1.93341E-05
Remsen,4592,1987,36,47,73400,36047073400,734,Census Tract 734,G5020,S,151105,0,40.6278153,-73.9374778,3,6,0,Remsen,Dollar Vans/Untitled layer,0,0,0,-1,0,,Unconfirmed - Unridden,0.055170187,0.5,5,0.290414385,Remsen,0.016067639,1.60831E-05
Remsen,4593,1989,36,47,73600,36047073600,736,Census Tract 736,G5020,S,178333,0,40.6240389,-73.9357949,3,6,0,Remsen,Dollar Vans/Untitled layer,0,0,0,-1,0,,Unconfirmed - Unridden,0.055170187,0.5,5,0.290414385,Remsen,0.018823597,1.898E-05
Remsen,4594,1990,36,47,74000,36047074000,740,Census Tract 740,G5020,S,162388,0,40.6273942,-73.9412567,3,6,0,Remsen,Dollar Vans/Untitled layer,0,0,0,-1,0,,Unconfirmed - Unridden,0.055170187,0.5,5,0.290414385,Remsen,0.017340415,1.72838E-05
Remsen,4595,1991,36,47,74400,36047074400,744,Census Tract 744,G5020,S,171049,0,40.6223172,-73.9431063,3,6,0,Remsen,Dollar Vans/Untitled layer,0,0,0,-1,0,,Unconfirmed - Unridden,0.055170187,0.5,5,0.290414385,Remsen,0.017247307,1.82042E-05
Remsen,4596,1997,36,47,76600,36047076600,766,Census Tract 766,G5020,S,82578,0,40.6331871,-73.956842,3,6,0,Remsen,Dollar Vans/Untitled layer,0,0,0,-1,0,,Unconfirmed - Unridden,0.055170187,0.5,5,0.290414385,Remsen,0.013278673,8.79003E-06
Remsen,4597,1998,36,47,77000,36047077000,770,Census Tract 770,G5020,S,163284,0,40.6361362,-73.9538295,3,6,0,Remsen,Dollar Vans/Untitled layer,0,0,0,-1,0,,Unconfirmed - Unridden,0.055170187,0.5,5,0.290414385,Remsen,0.023144261,1.73815E-05
Remsen,4598,1999,36,47,95800,36047095800,958,Census Tract 958,G5020,S,234374,0,40.6408221,-73.9116859,3,6,0,Remsen,Dollar Vans/Untitled layer,0,0,0,-1,0,,Unconfirmed - Unridden,0.055170187,0.5,5,0.290414385,Remsen,0.021789402,2.49509E-05
Remsen,4599,2000,36,47,96000,36047096000,960,Census Tract 960,G5020,S,424228,0,40.6459276,-73.9147647,3,6,0,Remsen,Dollar Vans/Untitled layer,0,0,0,-1,0,,Unconfirmed - Unridden,0.055170187,0.5,5,0.290414385,Remsen,0.035067221,4.51653E-05
Remsen,4600,2001,36,47,96200,36047096200,962,Census Tract 962,G5020,S,178759,0,40.6450236,-73.9105137,3,6,0,Remsen,Dollar Vans/Untitled layer,0,0,0,-1,0,,Unconfirmed - Unridden,0.055170187,0.5,5,0.290414385,Remsen,0.0171243,1.90312E-05
Remsen,4601,2002,36,47,96400,36047096400,964,Census Tract 964,G5020,S,176581,0,40.6419501,-73.9072687,3,6,0,Remsen,Dollar Vans/Untitled layer,0,0,0,-1,0,,Unconfirmed - Unridden,0.055170187,0.5,5,0.290414385,Remsen,0.017656297,1.87988E-05
Remsen,4602,2003,36,47,96800,36047096800,968,Census Tract 968,G5020,S,149019,0,40.6441418,-73.9038769,3,6,0,Remsen,Dollar Vans/Untitled layer,0,0,0,-1,0,,Unconfirmed - Unridden,0.055170187,0.5,5,0.290414385,Remsen,0.016286756,1.5865E-05
Remsen,4603,2004,36,47,97000,36047097000,970,Census Tract 970,G5020,S,163450,0,40.64726,-73.907353,3,6,0,Remsen,Dollar Vans/Untitled layer,0,0,0,-1,0,,Unconfirmed - Unridden,0.055170187,0.5,5,0.290414385,Remsen,0.017158491,1.74021E-05
Remsen,4604,2008,36,47,99000,36047099000,990,Census Tract 990,G5020,S,163721,0,40.6393703,-73.898562,3,6,0,Remsen,Dollar Vans/Untitled layer,0,0,0,-1,0,,Unconfirmed - Unridden,0.055170187,0.5,5,0.290414385,Remsen,0.017166296,1.7429E-05
Remsen,4605,2009,36,47,99400,36047099400,994,Census Tract 994,G5020,S,173970,0,40.6357597,-73.9043993,3,6,0,Remsen,Dollar Vans/Untitled layer,0,0,0,-1,0,,Unconfirmed - Unridden,0.055170187,0.5,5,0.290414385,Remsen,0.018410222,1.85189E-05
Remsen,4606,2011,36,47,100400,36047100400,1004,Census Tract 1004,G5020,S,132054,0,40.6306493,-73.9038,3,6,0,Remsen,Dollar Vans/Untitled layer,0,0,0,-1,0,,Unconfirmed - Unridden,0.055170187,0.5,5,0.290414385,Remsen,0.016349981,1.4056E-05
Remsen,4607,2012,36,47,100800,36047100800,1008,Census Tract 1008,G5020,S,148898,0,40.6341331,-73.8980664,3,6,0,Remsen,Dollar Vans/Untitled layer,0,0,0,-1,0,,Unconfirmed - Unridden,0.055170187,0.5,5,0.290414385,Remsen,0.017453902,1.58497E-05
Remsen,4608,2013,36,47,101000,36047101000,1010,Census Tract 1010,G5020,S,171343,0,40.6360282,-73.894972,3,6,0,Remsen,Dollar Vans/Untitled layer,0,0,0,-1,0,,Unconfirmed - Unridden,0.055170187,0.5,5,0.290414385,Remsen,0.018022891,1.82394E-05
Remsen,4609,2069,36,47,77400,36047077400,774,Census Tract 774,G5020,S,147764,0,40.63168,-73.947607,3,6,0,Remsen,Dollar Vans/Untitled layer,0,0,0,-1,0,,Unconfirmed - Unridden,0.055170187,0.5,5,0.290414385,Remsen,0.025514863,1.57283E-05
Remsen,4610,2070,36,47,77600,36047077600,776,Census Tract 776,G5020,S,186545,0,40.6309255,-73.9411361,3,6,0,Remsen,Dollar Vans/Untitled layer,0,0,0,-1,0,,Unconfirmed - Unridden,0.055170187,0.5,5,0.290414385,Remsen,0.022431745,1.98559E-05
Remsen,4611,2071,36,47,78200,36047078200,782,Census Tract 782,G5020,S,168304,0,40.6378537,-73.9414429,3,6,0,Remsen,Dollar Vans/Untitled layer,0,0,0,-1,0,,Unconfirmed - Unridden,0.055170187,0.5,5,0.290414385,Remsen,0.01995497,1.79164E-05
Remsen,4612,2089,36,47,32700,36047032700,327,Census Tract 327,G5020,S,177080,0,40.6626465,-73.9587961,3,6,0,Remsen,Dollar Vans/Untitled layer,0,0,0,-1,0,,Unconfirmed - Unridden,0.055170187,0.5,5,0.290414385,Remsen,0.024386548,1.88573E-05
Remsen,4613,2099,36,47,34500,36047034500,345,Census Tract 345,G5020,S,163599,0,40.6732279,-73.9336927,3,6,0,Remsen,Dollar Vans/Untitled layer,0,0,0,-1,0,,Unconfirmed - Unridden,0.055170187,0.5,5,0.290414385,Remsen,0.01825573,1.74245E-05
Remsen,4614,2147,36,47,72800,36047072800,728,Census Tract 728,G5020,S,212050,0,40.6294856,-73.9270042,3,6,0,Remsen,Dollar Vans/Untitled layer,0,0,0,-1,0,,Unconfirmed - Unridden,0.055170187,0.5,5,0.290414385,Remsen,0.026033652,2.25702E-05
Remsen,4615,2155,36,47,81600,36047081600,816,Census Tract 816,G5020,S,179640,0,40.6535296,-73.9442053,3,6,0,Remsen,Dollar Vans/Untitled layer,0,0,0,-1,0,,Unconfirmed - Unridden,0.055170187,0.5,5,0.290414385,Remsen,0.018982975,1.91275E-05
Remsen,4616,2156,36,47,78800,36047078800,788,Census Tract 788,G5020,S,157109,0,40.6374655,-73.9488367,3,6,0,Remsen,Dollar Vans/Untitled layer,0,0,0,-1,0,,Unconfirmed - Unridden,0.055170187,0.5,5,0.290414385,Remsen,0.020010091,1.67245E-05
Remsen,4617,2182,36,47,79400,36047079400,794,Census Tract 794,G5020,S,222181,0,40.6486053,-73.955286,3,6,0,Remsen,Dollar Vans/Untitled layer,0,0,0,-1,0,,Unconfirmed - Unridden,0.055170187,0.5,5,0.290414385,Remsen,0.020159399,2.36554E-05
Remsen,4618,2183,36,47,78600,36047078600,786,Census Tract 786,G5020,S,171074,0,40.634414,-73.9470626,3,6,0,Remsen,Dollar Vans/Untitled layer,0,0,0,-1,0,,Unconfirmed - Unridden,0.055170187,0.5,5,0.290414385,Remsen,0.018838711,1.82104E-05
Remsen,4619,2184,36,47,79000,36047079000,790,Census Tract 790,G5020,S,182988,0,40.6409778,-73.9536967,3,6,0,Remsen,Dollar Vans/Untitled layer,0,0,0,-1,0,,Unconfirmed - Unridden,0.055170187,0.5,5,0.290414385,Remsen,0.018989831,1.94805E-05
Remsen,4620,2185,36,47,79200,36047079200,792,Census Tract 792,G5020,S,216691,0,40.6447642,-73.9549107,3,6,0,Remsen,Dollar Vans/Untitled layer,0,0,0,-1,0,,Unconfirmed - Unridden,0.055170187,0.5,5,0.290414385,Remsen,0.019650075,2.30696E-05
Remsen,4621,2192,36,47,67800,36047067800,678,Census Tract 678,G5020,S,166222,0,40.6261489,-73.922779,3,6,0,Remsen,Dollar Vans/Untitled layer,0,0,0,-1,0,,Unconfirmed - Unridden,0.055170187,0.5,5,0.290414385,Remsen,0.016673567,1.76915E-05
Remsen,4622,2197,36,47,83800,36047083800,838,Census Tract 838,G5020,S,166942,0,40.6417561,-73.935135,3,6,0,Remsen,Dollar Vans/Untitled layer,0,0,0,-1,0,,Unconfirmed - Unridden,0.055170187,0.5,5,0.290414385,Remsen,0.016956758,1.77724E-05
Remsen,4623,2200,36,47,86800,36047086800,868,Census Tract 868,G5020,S,174581,0,40.6543124,-73.9297309,3,6,0,Remsen,Dollar Vans/Untitled layer,0,0,0,-1,0,,Unconfirmed - Unridden,0.055170187,0.5,5,0.290414385,Remsen,0.017245584,1.85889E-05
Remsen,4624,2204,36,47,65400,36047065400,654,Census Tract 654,G5020,S,151523,0,40.6129487,-73.9318078,3,6,0,Remsen,Dollar Vans/Untitled layer,0,0,0,-1,0,,Unconfirmed - Unridden,0.055170187,0.5,5,0.290414385,Remsen,0.021527038,1.61241E-05
Remsen,4625,2212,36,47,92800,36047092800,928,Census Tract 928,G5020,S,157293,0,40.65248,-73.9117734,3,6,0,Remsen,Dollar Vans/Untitled layer,0,0,0,-1,0,,Unconfirmed - Unridden,0.055170187,0.5,5,0.290414385,Remsen,0.017112357,1.67476E-05
Remsen,4626,2225,36,47,81400,36047081400,814,Census Tract 814,G5020,S,170174,0,40.6536407,-73.940238,3,6,0,Remsen,Dollar Vans/Untitled layer,0,0,0,-1,0,,Unconfirmed - Unridden,0.055170187,0.5,5,0.290414385,Remsen,0.017149148,1.81197E-05
Remsen,4627,2226,36,47,82000,36047082000,820,Census Tract 820,G5020,S,148600,0,40.653453,-73.9513097,3,6,0,Remsen,Dollar Vans/Untitled layer,0,0,0,-1,0,,Unconfirmed - Unridden,0.055170187,0.5,5,0.290414385,Remsen,0.016721422,1.58224E-05
Remsen,4628,2227,36,47,82200,36047082200,822,Census Tract 822,G5020,S,169861,0,40.6532888,-73.9544282,3,6,0,Remsen,Dollar Vans/Untitled layer,0,0,0,-1,0,,Unconfirmed - Unridden,0.055170187,0.5,5,0.290414385,Remsen,0.017521804,1.80861E-05
Remsen,4629,2228,36,47,82600,36047082600,826,Census Tract 826,G5020,S,199091,0,40.6450647,-73.9489732,3,6,0,Remsen,Dollar Vans/Untitled layer,0,0,0,-1,0,,Unconfirmed - Unridden,0.055170187,0.5,5,0.290414385,Remsen,0.018918446,2.11959E-05
Remsen,4630,2229,36,47,82800,36047082800,828,Census Tract 828,G5020,S,156676,0,40.6409911,-73.9496047,3,6,0,Remsen,Dollar Vans/Untitled layer,0,0,0,-1,0,,Unconfirmed - Unridden,0.055170187,0.5,5,0.290414385,Remsen,0.017068528,1.66792E-05
Remsen,4631,2230,36,47,83000,36047083000,830,Census Tract 830,G5020,S,201785,0,40.640887,-73.9455028,3,6,0,Remsen,Dollar Vans/Untitled layer,0,0,0,-1,0,,Unconfirmed - Unridden,0.055170187,0.5,5,0.290414385,Remsen,0.020877922,2.14814E-05
Remsen,4632,2231,36,47,83200,36047083200,832,Census Tract 832,G5020,S,145549,0,40.641524,-73.9416243,3,6,0,Remsen,Dollar Vans/Untitled layer,0,0,0,-1,0,,Unconfirmed - Unridden,0.055170187,0.5,5,0.290414385,Remsen,0.016958274,1.54948E-05
Remsen,4633,2232,36,47,83400,36047083400,834,Census Tract 834,G5020,S,125994,0,40.6415499,-73.9384751,3,6,0,Remsen,Dollar Vans/Untitled layer,0,0,0,-1,0,,Unconfirmed - Unridden,0.055170187,0.5,5,0.290414385,Remsen,0.015087316,1.34132E-05
Remsen,4634,2234,36,47,102400,36047102400,1024,Census Tract 1024,G5020,S,143125,0,40.6329284,-73.8932756,3,6,0,Remsen,Dollar Vans/Untitled layer,0,0,0,-1,0,,Unconfirmed - Unridden,0.055170187,0.5,5,0.290414385,Remsen,0.017621542,1.52349E-05
Remsen,4635,2247,36,47,96600,36047096600,966,Census Tract 966,G5020,S,181211,0,40.6406399,-73.903142,3,6,0,Remsen,Dollar Vans/Untitled layer,0,0,0,-1,0,,Unconfirmed - Unridden,0.055170187,0.5,5,0.290414385,Remsen,0.021105926,1.92911E-05
Remsen,4636,2250,36,47,73800,36047073800,738,Census Tract 738,G5020,S,180572,0,40.6224096,-73.9390772,3,6,0,Remsen,Dollar Vans/Untitled layer,0,0,0,-1,0,,Unconfirmed - Unridden,0.055170187,0.5,5,0.290414385,Remsen,0.018371251,1.92178E-05
Remsen,4637,2256,36,47,85800,36047085800,858,Census Tract 858,G5020,S,133472,0,40.6502075,-73.9390272,3,6,0,Remsen,Dollar Vans/Untitled layer,0,0,0,-1,0,,Unconfirmed - Unridden,0.055170187,0.5,5,0.290414385,Remsen,0.018339441,0.000014211
Remsen,4638,2288,36,47,93800,36047093800,938,Census Tract 938,G5020,S,131105,0,40.6504469,-73.9245581,3,6,0,Remsen,Dollar Vans/Untitled layer,0,0,0,-1,0,,Unconfirmed - Unridden,0.055170187,0.5,5,0.290414385,Remsen,0.016601462,0.000013959
Remsen,4639,2289,36,47,64800,36047064800,648,Census Tract 648,G5020,S,151522,0,40.6176898,-73.9364602,3,6,0,Remsen,Dollar Vans/Untitled layer,0,0,0,-1,0,,Unconfirmed - Unridden,0.055170187,0.5,5,0.290414385,Remsen,0.016627687,1.61251E-05
Remsen,4640,2292,36,47,86600,36047086600,866,Census Tract 866,G5020,S,156523,0,40.656375,-73.9267616,3,6,0,Remsen,Dollar Vans/Untitled layer,0,0,0,-1,0,,Unconfirmed - Unridden,0.055170187,0.5,5,0.290414385,Remsen,0.022372371,1.66667E-05
Remsen,4641,2305,36,47,50600,36047050600,506,Census Tract 506,G5020,S,164685,0,40.6489784,-73.9668581,3,6,0,Remsen,Dollar Vans/Untitled layer,0,0,0,-1,0,,Unconfirmed - Unridden,0.055170187,0.5,5,0.290414385,Remsen,0.022191255,1.7534E-05
Remsen,4642,2308,36,47,51200,36047051200,512,Census Tract 512,G5020,S,139882,0,40.6465525,-73.9633611,3,6,0,Remsen,Dollar Vans/Untitled layer,0,0,0,-1,0,,Unconfirmed - Unridden,0.055170187,0.5,5,0.290414385,Remsen,0.016964609,1.48926E-05
Remsen,4643,2311,36,47,75000,36047075000,750,Census Tract 750,G5020,S,173420,0,40.6265678,-73.948766,3,6,0,Remsen,Dollar Vans/Untitled layer,0,0,0,-1,0,,Unconfirmed - Unridden,0.055170187,0.5,5,0.290414385,Remsen,0.017334102,1.84579E-05
Remsen,4644,2315,36,47,88800,36047088800,888,Census Tract 888,G5020,S,199704,0,40.6539393,-73.9180628,3,6,0,Remsen,Dollar Vans/Untitled layer,0,0,0,-1,0,,Unconfirmed - Unridden,0.055170187,0.5,5,0.290414385,Remsen,0.020889788,2.12639E-05
Remsen,4645,2327,36,47,82400,36047082400,824,Census Tract 824,G5020,S,214344,0,40.6488473,-73.949358,3,6,0,Remsen,Dollar Vans/Untitled layer,0,0,0,-1,0,,Unconfirmed - Unridden,0.055170187,0.5,5,0.290414385,Remsen,0.019481609,2.28209E-05
Remsen,4646,2330,36,47,94402,36047094402,944.02,Census Tract 944.02,G5020,S,106850,0,40.6350817,-73.9207804,3,6,0,Remsen,Dollar Vans/Untitled layer,0,0,0,-1,0,,Unconfirmed - Unridden,0.055170187,0.5,5,0.290414385,Remsen,0.013560878,1.1374E-05
Remsen,4647,2338,36,47,51400,36047051400,514,Census Tract 514,G5020,S,181082,0,40.6427917,-73.9614284,3,6,0,Remsen,Dollar Vans/Untitled layer,0,0,0,-1,0,,Unconfirmed - Unridden,0.055170187,0.5,5,0.290414385,Remsen,0.019941721,1.92781E-05
Remsen,4648,2358,36,47,67000,36047067000,670,Census Tract 670,G5020,S,208266,0,40.6127246,-73.9227642,3,6,0,Remsen,Dollar Vans/Untitled layer,0,0,0,-1,0,,Unconfirmed - Unridden,0.055170187,0.5,5,0.290414385,Remsen,0.020039737,2.2162E-05
Remsen,4649,2374,36,47,35300,36047035300,353,Census Tract 353,G5020,S,163099,0,40.6685796,-73.9353139,3,6,0,Remsen,Dollar Vans/Untitled layer,0,0,0,-1,0,,Unconfirmed - Unridden,0.055170187,0.5,5,0.290414385,Remsen,0.018079931,1.73701E-05
Remsen,4650,2375,36,47,100600,36047100600,1006,Census Tract 1006,G5020,S,152116,0,40.6322533,-73.9008897,3,6,0,Remsen,Dollar Vans/Untitled layer,0,0,0,-1,0,,Unconfirmed - Unridden,0.055170187,0.5,5,0.290414385,Remsen,0.016642558,1.61917E-05
Remsen,4651,2377,36,47,84800,36047084800,848,Census Tract 848,G5020,S,137502,0,40.646427,-73.9278611,3,6,0,Remsen,Dollar Vans/Untitled layer,0,0,0,-1,0,,Unconfirmed - Unridden,0.055170187,0.5,5,0.290414385,Remsen,0.015308325,1.46393E-05
Remsen,4652,2435,36,47,78400,36047078400,784,Census Tract 784,G5020,S,167427,0,40.6342624,-73.9429558,3,6,0,Remsen,Dollar Vans/Untitled layer,0,0,0,-1,0,,Unconfirmed - Unridden,0.055170187,0.5,5,0.290414385,Remsen,0.016969696,1.7822E-05
Remsen,4653,2437,36,47,86200,36047086200,862,Census Tract 862,G5020,S,140147,0,40.6502164,-73.9282257,3,6,0,Remsen,Dollar Vans/Untitled layer,0,0,0,-1,0,,Unconfirmed - Unridden,0.055170187,0.5,5,0.290414385,Remsen,0.015353137,1.49217E-05
Remsen,4654,2451,36,47,35100,36047035100,351,Census Tract 351,G5020,S,163012,0,40.6684292,-73.9325474,3,6,0,Remsen,Dollar Vans/Untitled layer,0,0,0,-1,0,,Unconfirmed - Unridden,0.055170187,0.5,5,0.290414385,Remsen,0.018087271,1.73608E-05
Remsen,4655,2499,36,47,83600,36047083600,836,Census Tract 836,G5020,S,208197,0,40.6371028,-73.9351273,3,6,0,Remsen,Dollar Vans/Untitled layer,0,0,0,-1,0,,Unconfirmed - Unridden,0.055170187,0.5,5,0.290414385,Remsen,0.018831239,2.21629E-05
Remsen,4656,2500,36,47,84000,36047084000,840,Census Tract 840,G5020,S,170057,0,40.6419943,-73.931292,3,6,0,Remsen,Dollar Vans/Untitled layer,0,0,0,-1,0,,Unconfirmed - Unridden,0.055170187,0.5,5,0.290414385,Remsen,0.017099268,1.8104E-05
Remsen,4657,2501,36,47,85000,36047085000,850,Census Tract 850,G5020,S,144613,0,40.6457434,-73.932316,3,6,0,Remsen,Dollar Vans/Untitled layer,0,0,0,-1,0,,Unconfirmed - Unridden,0.055170187,0.5,5,0.290414385,Remsen,0.022904869,1.53961E-05
Remsen,4658,2502,36,47,85200,36047085200,852,Census Tract 852,G5020,S,402008,0,40.6470029,-73.9382411,3,6,0,Remsen,Dollar Vans/Untitled layer,0,0,0,-1,0,,Unconfirmed - Unridden,0.055170187,0.5,5,0.290414385,Remsen,0.029814424,4.28003E-05
Remsen,4659,2503,36,47,85400,36047085400,854,Census Tract 854,G5020,S,128750,0,40.6443465,-73.943876,3,6,0,Remsen,Dollar Vans/Untitled layer,0,0,0,-1,0,,Unconfirmed - Unridden,0.055170187,0.5,5,0.290414385,Remsen,0.024211434,1.3707E-05
Remsen,4660,2525,36,47,93000,36047093000,930,Census Tract 930,G5020,S,194229,0,40.649929,-73.9154075,3,6,0,Remsen,Dollar Vans/Untitled layer,0,0,0,-1,0,,Unconfirmed - Unridden,0.055170187,0.5,5,0.290414385,Remsen,0.021307156,2.06797E-05
Remsen,4661,2526,36,47,93400,36047093400,934,Census Tract 934,G5020,S,177759,0,40.6489251,-73.9190149,3,6,0,Remsen,Dollar Vans/Untitled layer,0,0,0,-1,0,,Unconfirmed - Unridden,0.055170187,0.5,5,0.290414385,Remsen,0.0219682,1.89259E-05
Remsen,4662,2527,36,47,93600,36047093600,936,Census Tract 936,G5020,S,165120,0,40.6487962,-73.9215837,3,6,0,Remsen,Dollar Vans/Untitled layer,0,0,0,-1,0,,Unconfirmed - Unridden,0.055170187,0.5,5,0.290414385,Remsen,0.022316239,1.75802E-05
Remsen,4663,2539,36,47,65600,36047065600,656,Census Tract 656,G5020,S,153578,0,40.6130109,-73.9349822,3,6,0,Remsen,Dollar Vans/Untitled layer,0,0,0,-1,0,,Unconfirmed - Unridden,0.055170187,0.5,5,0.290414385,Remsen,0.016695119,1.63426E-05
Remsen,4664,2542,36,47,73000,36047073000,730,Census Tract 730,G5020,S,184736,0,40.6262017,-73.9298437,3,6,0,Remsen,Dollar Vans/Untitled layer,0,0,0,-1,0,,Unconfirmed - Unridden,0.055170187,0.5,5,0.290414385,Remsen,0.025014447,1.96623E-05
Remsen,4665,2543,36,47,74200,36047074200,742,Census Tract 742,G5020,S,174327,0,40.6269944,-73.9449753,3,6,0,Remsen,Dollar Vans/Untitled layer,0,0,0,-1,0,,Unconfirmed - Unridden,0.055170187,0.5,5,0.290414385,Remsen,0.017427444,1.85545E-05
Remsen,4666,2544,36,47,78000,36047078000,780,Census Tract 780,G5020,S,164534,0,40.6344979,-73.9391486,3,6,0,Remsen,Dollar Vans/Untitled layer,0,0,0,-1,0,,Unconfirmed - Unridden,0.055170187,0.5,5,0.290414385,Remsen,0.016841541,1.75142E-05
Remsen,4667,2546,36,47,84600,36047084600,846,Census Tract 846,G5020,S,166530,0,40.642285,-73.9274549,3,6,0,Remsen,Dollar Vans/Untitled layer,0,0,0,-1,0,,Unconfirmed - Unridden,0.055170187,0.5,5,0.290414385,Remsen,0.016633322,1.77285E-05
Remsen,4668,2547,36,47,87200,36047087200,872,Census Tract 872,G5020,S,147204,0,40.6536754,-73.9366498,3,6,0,Remsen,Dollar Vans/Untitled layer,0,0,0,-1,0,,Unconfirmed - Unridden,0.055170187,0.5,5,0.290414385,Remsen,0.017233349,1.56738E-05
Remsen,4669,2548,36,47,88000,36047088000,880,Census Tract 880,G5020,S,182479,0,40.6615193,-73.9310226,3,6,0,Remsen,Dollar Vans/Untitled layer,0,0,0,-1,0,,Unconfirmed - Unridden,0.055170187,0.5,5,0.290414385,Remsen,0.024621183,1.94319E-05
Remsen,4670,2551,36,47,99200,36047099200,992,Census Tract 992,G5020,S,134602,0,40.6374035,-73.9012845,3,6,0,Remsen,Dollar Vans/Untitled layer,0,0,0,-1,0,,Unconfirmed - Unridden,0.055170187,0.5,5,0.290414385,Remsen,0.016770086,1.43286E-05
Remsen,4671,2590,36,47,85600,36047085600,856,Census Tract 856,G5020,S,158646,0,40.6486244,-73.9448276,3,6,0,Remsen,Dollar Vans/Untitled layer,0,0,0,-1,0,,Unconfirmed - Unridden,0.055170187,0.5,5,0.290414385,Remsen,0.019048771,1.68908E-05
Remsen,4672,2591,36,47,86000,36047086000,860,Census Tract 860,G5020,S,174109,0,40.6499956,-73.9329233,3,6,0,Remsen,Dollar Vans/Untitled layer,0,0,0,-1,0,,Unconfirmed - Unridden,0.055170187,0.5,5,0.290414385,Remsen,0.018776818,1.85375E-05
Remsen,4673,2592,36,47,86400,36047086400,864,Census Tract 864,G5020,S,152300,0,40.6543372,-73.9238222,3,6,0,Remsen,Dollar Vans/Untitled layer,0,0,0,-1,0,,Unconfirmed - Unridden,0.055170187,0.5,5,0.290414385,Remsen,0.017073929,1.62167E-05
Remsen,4674,2593,36,47,87000,36047087000,870,Census Tract 870,G5020,S,155718,0,40.6541803,-73.9334039,3,6,0,Remsen,Dollar Vans/Untitled layer,0,0,0,-1,0,,Unconfirmed - Unridden,0.055170187,0.5,5,0.290414385,Remsen,0.017331862,1.65804E-05
Remsen,4675,2594,36,47,87401,36047087401,874.01,Census Tract 874.01,G5020,S,130596,0,40.6604744,-73.9384588,3,6,0,Remsen,Dollar Vans/Untitled layer,0,0,0,-1,0,,Unconfirmed - Unridden,0.055170187,0.5,5,0.290414385,Remsen,0.016114136,1.39067E-05
Remsen,4676,2595,36,47,87600,36047087600,876,Census Tract 876,G5020,S,142213,0,40.6606478,-73.9357059,3,6,0,Remsen,Dollar Vans/Untitled layer,0,0,0,-1,0,,Unconfirmed - Unridden,0.055170187,0.5,5,0.290414385,Remsen,0.016171592,1.51439E-05
Remsen,4677,2596,36,47,87800,36047087800,878,Census Tract 878,G5020,S,151414,0,40.6588465,-73.9310338,3,6,0,Remsen,Dollar Vans/Untitled layer,0,0,0,-1,0,,Unconfirmed - Unridden,0.055170187,0.5,5,0.290414385,Remsen,0.019657703,1.61234E-05
Remsen,4678,2597,36,47,88200,36047088200,882,Census Tract 882,G5020,S,203180,0,40.6604945,-73.9259818,3,6,0,Remsen,Dollar Vans/Untitled layer,0,0,0,-1,0,,Unconfirmed - Unridden,0.055170187,0.5,5,0.290414385,Remsen,0.027763865,2.1636E-05
Remsen,4679,2612,36,47,65000,36047065000,650,Census Tract 650,G5020,S,166228,0,40.6199785,-73.9336466,3,6,0,Remsen,Dollar Vans/Untitled layer,0,0,0,-1,0,,Unconfirmed - Unridden,0.055170187,0.5,5,0.290414385,Remsen,0.017637585,1.76909E-05
Remsen,4680,2613,36,47,94401,36047094401,944.01,Census Tract 944.01,G5020,S,369640,0,40.6387394,-73.9229746,3,6,0,Remsen,Dollar Vans/Untitled layer,0,0,0,-1,0,,Unconfirmed - Unridden,0.055170187,0.5,5,0.290414385,Remsen,0.030653397,3.93493E-05
Remsen,4681,2614,36,47,95000,36047095000,950,Census Tract 950,G5020,S,242443,0,40.6362487,-73.9171451,3,6,0,Remsen,Dollar Vans/Untitled layer,0,0,0,-1,0,,Unconfirmed - Unridden,0.055170187,0.5,5,0.290414385,Remsen,0.023928639,2.58081E-05
Remsen,4682,2615,36,47,95400,36047095400,954,Census Tract 954,G5020,S,237026,0,40.6389669,-73.9146325,3,6,0,Remsen,Dollar Vans/Untitled layer,0,0,0,-1,0,,Unconfirmed - Unridden,0.055170187,0.5,5,0.290414385,Remsen,0.022039493,2.52323E-05
Remsen,4683,2616,36,47,95600,36047095600,956,Census Tract 956,G5020,S,237582,0,40.6355741,-73.9109186,3,6,0,Remsen,Dollar Vans/Untitled layer,0,0,0,-1,0,,Unconfirmed - Unridden,0.055170187,0.5,5,0.290414385,Remsen,0.025964499,2.52903E-05
Remsen,4684,3091,36,47,102600,36047102600,1026,Census Tract 1026,G5020,S,135920,0,40.6296068,-73.8984805,3,6,0,Remsen,Dollar Vans/Untitled layer,0,0,0,-1,0,,Unconfirmed - Unridden,0.055170187,0.5,5,0.290414385,Remsen,0.017567091,1.44671E-05
Remsen,4685,3190,36,47,34700,36047034700,347,Census Tract 347,G5020,S,139778,0,40.6726583,-73.9279722,3,6,0,Remsen,Dollar Vans/Untitled layer,0,0,0,-1,0,,Unconfirmed - Unridden,0.055170187,0.5,5,0.290414385,Remsen,0.016460931,1.48872E-05
Remsen,4686,3210,36,47,64600,36047064600,646,Census Tract 646,G5020,S,165636,0,40.6159147,-73.9395351,3,6,0,Remsen,Dollar Vans/Untitled layer,0,0,0,-1,0,,Unconfirmed - Unridden,0.055170187,0.5,5,0.290414385,Remsen,0.018021647,1.76264E-05
Remsen,4687,3212,36,47,81800,36047081800,818,Census Tract 818,G5020,S,157918,0,40.6530923,-73.9479752,3,6,0,Remsen,Dollar Vans/Untitled layer,0,0,0,-1,0,,Unconfirmed - Unridden,0.055170187,0.5,5,0.290414385,Remsen,0.017077666,1.68144E-05
Remsen,4688,4368,36,47,50801,36047050801,508.01,Census Tract 508.01,G5020,S,78240,0,40.6512352,-73.9607363,3,6,0,Remsen,Dollar Vans/Untitled layer,0,0,0,-1,0,,Unconfirmed - Unridden,0.055170187,0.5,5,0.290414385,Remsen,0.012031197,8.33035E-06
Remsen,4689,4372,36,47,51001,36047051001,510.01,Census Tract 510.01,G5020,S,76942,0,40.6461218,-73.9597677,3,6,0,Remsen,Dollar Vans/Untitled layer,0,0,0,-1,0,,Unconfirmed - Unridden,0.055170187,0.5,5,0.290414385,Remsen,0.011635713,8.19156E-06
Remsen,4690,4375,36,47,51602,36047051602,516.02,Census Tract 516.02,G5020,S,91014,0,40.6416145,-73.9581438,3,6,0,Remsen,Dollar Vans/Untitled layer,0,0,0,-1,0,,Unconfirmed - Unridden,0.055170187,0.5,5,0.290414385,Remsen,0.013925772,9.68911E-06
Remsen,4691,4376,36,47,79601,36047079601,796.01,Census Tract 796.01,G5020,S,110399,0,40.6565964,-73.9582723,3,6,0,Remsen,Dollar Vans/Untitled layer,0,0,0,-1,0,,Unconfirmed - Unridden,0.055170187,0.5,5,0.290414385,Remsen,0.013777133,1.17554E-05
Remsen,4692,4377,36,47,79602,36047079602,796.02,Census Tract 796.02,G5020,S,134994,0,40.6527602,-73.9576551,3,6,0,Remsen,Dollar Vans/Untitled layer,0,0,0,-1,0,,Unconfirmed - Unridden,0.055170187,0.5,5,0.290414385,Remsen,0.015394183,1.43735E-05
Remsen,4693,4416,36,47,93200,36047093200,932,Census Tract 932,G5020,S,279758,0,40.6375696,-73.9295165,3,6,0,Remsen,Dollar Vans/Untitled layer,0,0,0,-1,0,,Unconfirmed - Unridden,0.055170187,0.5,5,0.290414385,Remsen,0.022101798,2.97806E-05
Remsen,4694,4521,36,47,94600,36047094600,946,Census Tract 946,G5020,S,281769,0,40.6446169,-73.9232797,3,6,0,Remsen,Dollar Vans/Untitled layer,0,0,0,-1,0,,Unconfirmed - Unridden,0.055170187,0.5,5,0.290414385,Remsen,0.026980996,2.9998E-05
Remsen,4695,4644,36,47,88400,36047088400,884,Census Tract 884,G5020,S,167059,0,40.6622281,-73.9245506,3,6,0,Remsen,Dollar Vans/Untitled layer,0,0,0,-1,0,,Unconfirmed - Unridden,0.055170187,0.5,5,0.290414385,Remsen,0.020665754,1.77902E-05
Remsen,4696,4645,36,47,88600,36047088600,886,Census Tract 886,G5020,S,179725,0,40.657488,-73.9206765,3,6,0,Remsen,Dollar Vans/Untitled layer,0,0,0,-1,0,,Unconfirmed - Unridden,0.055170187,0.5,5,0.290414385,Remsen,0.020498737,1.91376E-05
Edenwald,4697,1508,36,5,40600,36005040600,406,Census Tract 406,G5020,S,223327,0,40.8879511,-73.8570053,6,20,0,Edenwald,Dollar Vans/Untitled layer,1,0,0,-1,0,,,0.021546725,0.5,19,0.095787069,Edenwald,0.020152053,2.38619E-05
Edenwald,4698,2655,36,5,42800,36005042800,428,Census Tract 428,G5020,S,169199,0,40.8945094,-73.845703,6,20,0,Edenwald,Dollar Vans/Untitled layer,1,0,0,-1,0,,,0.021546725,0.5,19,0.095787069,Edenwald,0.017167466,1.80803E-05
Edenwald,4699,2688,36,5,42000,36005042000,420,Census Tract 420,G5020,S,150497,0,40.8930261,-73.8598556,6,20,0,Edenwald,Dollar Vans/Untitled layer,1,0,0,-1,0,,,0.021546725,0.5,19,0.095787069,Edenwald,0.015992204,1.60813E-05
Edenwald,4700,4569,36,5,41800,36005041800,418,Census Tract 418,G5020,S,269140,0,40.8971161,-73.8584601,6,20,0,Edenwald,Dollar Vans/Untitled layer,1,0,0,-1,0,,,0.021546725,0.5,19,0.095787069,Edenwald,0.023180871,2.87605E-05
Edenwald,4701,4573,36,5,42200,36005042200,422,Census Tract 422,G5020,S,174417,0,40.8910968,-73.8552807,6,20,0,Edenwald,Dollar Vans/Untitled layer,1,0,0,-1,0,,,0.021546725,0.5,19,0.095787069,Edenwald,0.018163313,0.000018637
Edenwald,4702,4575,36,5,42400,36005042400,424,Census Tract 424,G5020,S,175364,0,40.8892857,-73.8495425,6,20,0,Edenwald,Dollar Vans/Untitled layer,1,0,0,-1,0,,,0.021546725,0.5,19,0.095787069,Edenwald,0.018520934,1.87376E-05
Edenwald,4703,4577,36,5,42600,36005042600,426,Census Tract 426,G5020,S,507577,0,40.8908411,-73.8419292,6,20,0,Edenwald,Dollar Vans/Untitled layer,1,0,0,-1,0,,,0.021546725,0.5,19,0.095787069,Edenwald,0.037775549,5.42356E-05
Edenwald,4704,4579,36,5,43000,36005043000,430,Census Tract 430,G5020,S,206164,0,40.8934599,-73.8506574,6,20,0,Edenwald,Dollar Vans/Untitled layer,1,0,0,-1,0,,,0.021546725,0.5,19,0.095787069,Edenwald,0.019048328,2.20298E-05
Edenwald,4705,4601,36,5,44800,36005044800,448,Census Tract 448,G5020,S,168089,0,40.8954712,-73.8413102,6,20,0,Edenwald,Dollar Vans/Untitled layer,1,0,0,-1,0,,,0.021546725,0.5,19,0.095787069,Edenwald,0.017243219,1.79619E-05
CH: Queens to Brooklyn,4706,289,36,81,43701,36081043701,437.01,Census Tract 437.01,G5020,S,149462,0,40.7391006,-73.8511271,7,21,0,CH: Queens to Brooklyn,Dollar Vans/Untitled layer,0,0,0,-1,0,,,0.031021365,0.5,20,0.112210956,CH: Queens to Brooklyn,0.017779526,1.59342E-05
CH: Queens to Brooklyn,4707,430,36,81,87100,36081087100,871,Census Tract 871,G5020,S,419854,44052,40.7589796,-73.8332501,7,21,0,CH: Queens to Brooklyn,Dollar Vans/Untitled layer,0,0,0,-1,0,,,0.031021365,0.5,20,0.112210956,CH: Queens to Brooklyn,0.037822239,4.94726E-05
CH: Queens to Brooklyn,4708,556,36,81,74500,36081074500,745,Census Tract 745,G5020,S,167108,0,40.7360593,-73.850749,7,21,0,CH: Queens to Brooklyn,Dollar Vans/Untitled layer,0,0,0,-1,0,,,0.031021365,0.5,20,0.112210956,CH: Queens to Brooklyn,0.021392493,1.78148E-05
CH: Queens to Brooklyn,4709,1709,36,81,85300,36081085300,853,Census Tract 853,G5020,S,195226,0,40.757152,-73.8276531,7,21,0,CH: Queens to Brooklyn,Dollar Vans/Untitled layer,0,0,0,-1,0,,,0.031021365,0.5,20,0.112210956,CH: Queens to Brooklyn,0.025482472,2.08189E-05
CH: Queens to Brooklyn,4710,2758,36,81,79702,36081079702,797.02,Census Tract 797.02,G5020,S,289349,0,40.75134,-73.8294239,7,21,0,CH: Queens to Brooklyn,Dollar Vans/Untitled layer,0,0,0,-1,0,,,0.031021365,0.5,20,0.112210956,CH: Queens to Brooklyn,0.026665295,3.08535E-05
CH: Queens to Brooklyn,4711,3155,36,81,84900,36081084900,849,Census Tract 849,G5020,S,303207,0,40.7547095,-73.8329979,7,21,0,CH: Queens to Brooklyn,Dollar Vans/Untitled layer,0,0,0,-1,0,,,0.031021365,0.5,20,0.112210956,CH: Queens to Brooklyn,0.027229982,3.23328E-05
CH: Manhattan to Queens,4712,863,36,61,3602,36061003602,36.02,Census Tract 36.02,G5020,S,89011,0,40.7245631,-73.990206,8,22,0,CH: Manhattan to Queens,Dollar Vans/Untitled layer,0,0,0,-1,0,,,0.002640379,0.5,21,0.079707923,CH: Manhattan to Queens,0.013202013,9.48735E-06
CH: Manhattan to Queens,4713,920,36,61,4100,36061004100,41,Census Tract 41,G5020,S,191471,0,40.719161,-73.9966954,8,22,0,CH: Manhattan to Queens,Dollar Vans/Untitled layer,0,0,0,-1,0,,,0.002640379,0.5,21,0.079707923,CH: Manhattan to Queens,0.018385418,2.04071E-05
CH: Manhattan to Queens,4714,922,36,61,1402,36061001402,14.02,Census Tract 14.02,G5020,S,114218,0,40.7175157,-73.9858855,8,22,0,CH: Manhattan to Queens,Dollar Vans/Untitled layer,0,0,0,-1,0,,,0.002640379,0.5,21,0.079707923,CH: Manhattan to Queens,0.014074912,1.21731E-05
CH: Manhattan to Queens,4715,962,36,61,3002,36061003002,30.02,Census Tract 30.02,G5020,S,78525,0,40.7229641,-73.9858662,8,22,0,CH: Manhattan to Queens,Dollar Vans/Untitled layer,0,0,0,-1,0,,,0.002640379,0.5,21,0.079707923,CH: Manhattan to Queens,0.013444899,8.36956E-06
CH: Manhattan to Queens,4716,1016,36,61,1200,36061001200,12,Census Tract 12,G5020,S,120595,0,40.7159066,-73.982094,8,22,0,CH: Manhattan to Queens,Dollar Vans/Untitled layer,0,0,0,-1,0,,,0.002640379,0.5,21,0.079707923,CH: Manhattan to Queens,0.017634217,1.28523E-05
CH: Manhattan to Queens,4717,1018,36,61,1401,36061001401,14.01,Census Tract 14.01,G5020,S,93510,0,40.7151603,-73.9873314,8,22,0,CH: Manhattan to Queens,Dollar Vans/Untitled layer,0,0,0,-1,0,,,0.002640379,0.5,21,0.079707923,CH: Manhattan to Queens,0.017387894,9.96574E-06
CH: Manhattan to Queens,4718,3942,36,61,1600,36061001600,16,Census Tract 16,G5020,S,208268,0,40.715948,-73.9932822,8,22,0,CH: Manhattan to Queens,Dollar Vans/Untitled layer,0,0,0,-1,0,,,0.002640379,0.5,21,0.079707923,CH: Manhattan to Queens,0.021061846,2.21962E-05
CH: Manhattan to Queens,4719,3943,36,61,1800,36061001800,18,Census Tract 18,G5020,S,222661,0,40.7190473,-73.9908456,8,22,0,CH: Manhattan to Queens,Dollar Vans/Untitled layer,0,0,0,-1,0,,,0.002640379,0.5,21,0.079707923,CH: Manhattan to Queens,0.020782308,2.37315E-05
CH: Manhattan to Queens,4720,3946,36,61,2201,36061002201,22.01,Census Tract 22.01,G5020,S,161667,0,40.7191156,-73.9818443,8,22,0,CH: Manhattan to Queens,Dollar Vans/Untitled layer,0,0,0,-1,0,,,0.002640379,0.5,21,0.079707923,CH: Manhattan to Queens,0.018544147,1.72304E-05
CH: Manhattan to Queens,4721,3947,36,61,2202,36061002202,22.02,Census Tract 22.02,G5020,S,56090,0,40.7212601,-73.9811422,8,22,0,CH: Manhattan to Queens,Dollar Vans/Untitled layer,0,0,0,-1,0,,,0.002640379,0.5,21,0.079707923,CH: Manhattan to Queens,0.012817041,5.97824E-06
CH: Manhattan to Queens,4722,3951,36,61,2700,36061002700,27,Census Tract 27,G5020,S,59802,0,40.71256,-73.9990063,8,22,0,CH: Manhattan to Queens,Dollar Vans/Untitled layer,0,0,0,-1,0,,,0.002640379,0.5,21,0.079707923,CH: Manhattan to Queens,0.011698754,6.37311E-06
CH: Manhattan to Queens,4723,3953,36,61,2900,36061002900,29,Census Tract 29,G5020,S,278558,0,40.7141198,-74.000591,8,22,0,CH: Manhattan to Queens,Dollar Vans/Untitled layer,0,0,0,-1,0,,,0.002640379,0.5,21,0.079707923,CH: Manhattan to Queens,0.026926325,2.96863E-05
CH: Manhattan to Queens,4724,3954,36,61,3001,36061003001,30.01,Census Tract 30.01,G5020,S,124153,0,40.7210057,-73.9868387,8,22,0,CH: Manhattan to Queens,Dollar Vans/Untitled layer,0,0,0,-1,0,,,0.002640379,0.5,21,0.079707923,CH: Manhattan to Queens,0.01542225,1.32327E-05
CH: Manhattan to Queens,4725,3957,36,61,3601,36061003601,36.01,Census Tract 36.01,G5020,S,99812,0,40.7223222,-73.9911397,8,22,0,CH: Manhattan to Queens,Dollar Vans/Untitled layer,0,0,0,-1,0,,,0.002640379,0.5,21,0.079707923,CH: Manhattan to Queens,0.013325382,1.06383E-05
CH: Manhattan to Queens,4726,3961,36,61,4300,36061004300,43,Census Tract 43,G5020,S,149239,0,40.7233237,-73.9954663,8,22,0,CH: Manhattan to Queens,Dollar Vans/Untitled layer,0,0,0,-1,0,,,0.002640379,0.5,21,0.079707923,CH: Manhattan to Queens,0.016374459,1.59068E-05
CH: Manhattan to Queens,4727,3970,36,61,4500,36061004500,45,Census Tract 45,G5020,S,104946,0,40.7205701,-73.9993912,8,22,0,CH: Manhattan to Queens,Dollar Vans/Untitled layer,0,0,0,-1,0,,,0.002640379,0.5,21,0.079707923,CH: Manhattan to Queens,0.014156554,1.11854E-05
CH: Queens to Brooklyn,4728,1140,36,47,12600,36047012600,126,Census Tract 126,G5020,S,233280,0,40.6347856,-74.019035,9,23,0,CH: Queens to Brooklyn,Dollar Vans/Untitled layer,0,0,0,-1,0,,,0.035194781,0.5,22,0.094997044,CH: Queens to Brooklyn,0.023071994,2.4832E-05
CH: Queens to Brooklyn,4729,2159,36,47,7400,36047007400,74,Census Tract 74,G5020,S,140330,0,40.6418469,-74.0170149,9,23,0,CH: Queens to Brooklyn,Dollar Vans/Untitled layer,0,0,0,-1,0,,,0.035194781,0.5,22,0.094997044,CH: Queens to Brooklyn,0.015982952,1.49394E-05
CH: Queens to Brooklyn,4730,2194,36,47,9000,36047009000,90,Census Tract 90,G5020,S,148493,0,40.6472568,-73.9972994,9,23,0,CH: Queens to Brooklyn,Dollar Vans/Untitled layer,0,0,0,-1,0,,,0.035194781,0.5,22,0.094997044,CH: Queens to Brooklyn,0.016700574,1.58096E-05
CH: Queens to Brooklyn,4731,2213,36,47,12801,36047012801,128.01,Census Tract 128.01,G5020,S,114978,0,40.6308009,-74.0133028,9,23,0,CH: Queens to Brooklyn,Dollar Vans/Untitled layer,0,0,0,-1,0,,,0.035194781,0.5,22,0.094997044,CH: Queens to Brooklyn,0.015495673,1.22385E-05
CH: Queens to Brooklyn,4732,2243,36,47,12200,36047012200,122,Census Tract 122,G5020,S,185645,0,40.6381258,-74.0175898,9,23,0,CH: Queens to Brooklyn,Dollar Vans/Untitled layer,0,0,0,-1,0,,,0.035194781,0.5,22,0.094997044,CH: Queens to Brooklyn,0.018105155,1.97623E-05
CH: Queens to Brooklyn,4733,2244,36,47,10200,36047010200,102,Census Tract 102,G5020,S,152450,0,40.6392844,-74.0127872,9,23,0,CH: Queens to Brooklyn,Dollar Vans/Untitled layer,0,0,0,-1,0,,,0.035194781,0.5,22,0.094997044,CH: Queens to Brooklyn,0.016819817,1.62292E-05
CH: Queens to Brooklyn,4734,2271,36,47,10400,36047010400,104,Census Tract 104,G5020,S,152312,0,40.636624,-74.0083814,9,23,0,CH: Queens to Brooklyn,Dollar Vans/Untitled layer,0,0,0,-1,0,,,0.035194781,0.5,22,0.094997044,CH: Queens to Brooklyn,0.016816895,1.62137E-05
CH: Queens to Brooklyn,4735,2316,36,47,11800,36047011800,118,Census Tract 118,G5020,S,219234,0,40.6351044,-74.0114899,9,23,0,CH: Queens to Brooklyn,Dollar Vans/Untitled layer,0,0,0,-1,0,,,0.035194781,0.5,22,0.094997044,CH: Queens to Brooklyn,0.025922365,2.33367E-05
CH: Queens to Brooklyn,4736,2335,36,47,9200,36047009200,92,Census Tract 92,G5020,S,113217,0,40.6453168,-73.9993384,9,23,0,CH: Queens to Brooklyn,Dollar Vans/Untitled layer,0,0,0,-1,0,,,0.035194781,0.5,22,0.094997044,CH: Queens to Brooklyn,0.015133117,1.20535E-05
CH: Queens to Brooklyn,4737,2369,36,47,9400,36047009400,94,Census Tract 94,G5020,S,151026,0,40.6433565,-74.0013789,9,23,0,CH: Queens to Brooklyn,Dollar Vans/Untitled layer,0,0,0,-1,0,,,0.035194781,0.5,22,0.094997044,CH: Queens to Brooklyn,0.016762172,1.60785E-05
CH: Queens to Brooklyn,4738,2383,36,47,10800,36047010800,108,Census Tract 108,G5020,S,150979,0,40.641116,-74.0037106,9,23,0,CH: Queens to Brooklyn,Dollar Vans/Untitled layer,0,0,0,-1,0,,,0.035194781,0.5,22,0.094997044,CH: Queens to Brooklyn,0.016760617,1.60727E-05
CH: Queens to Brooklyn,4739,2712,36,47,21400,36047021400,214,Census Tract 214,G5020,S,167965,0,40.6316104,-74.0031816,9,23,0,CH: Queens to Brooklyn,Dollar Vans/Untitled layer,0,0,0,-1,0,,,0.035194781,0.5,22,0.094997044,CH: Queens to Brooklyn,0.018059571,1.78785E-05
CH: Queens to Brooklyn,4740,4668,36,47,7200,36047007200,72,Census Tract 72,G5020,S,60897,0,40.6402719,-74.0203906,9,23,0,CH: Queens to Brooklyn,Dollar Vans/Untitled layer,0,0,0,-1,0,,,0.035194781,0.5,22,0.094997044,CH: Queens to Brooklyn,0.010889343,6.48284E-06
CH: Queens to Brooklyn,4741,4681,36,47,8600,36047008600,86,Census Tract 86,G5020,S,113543,0,40.6479769,-74.0037438,9,23,0,CH: Queens to Brooklyn,Dollar Vans/Untitled layer,0,0,0,-1,0,,,0.035194781,0.5,22,0.094997044,CH: Queens to Brooklyn,0.015152993,1.20887E-05
CH: Queens to Brooklyn,4742,4683,36,47,9600,36047009600,96,Census Tract 96,G5020,S,150752,0,40.6460153,-74.0057847,9,23,0,CH: Queens to Brooklyn,Dollar Vans/Untitled layer,0,0,0,-1,0,,,0.035194781,0.5,22,0.094997044,CH: Queens to Brooklyn,0.016758838,1.60496E-05
CH: Queens to Brooklyn,4743,4684,36,47,9800,36047009800,98,Census Tract 98,G5020,S,151006,0,40.6437764,-74.0081153,9,23,0,CH: Queens to Brooklyn,Dollar Vans/Untitled layer,0,0,0,-1,0,,,0.035194781,0.5,22,0.094997044,CH: Queens to Brooklyn,0.016761499,1.60762E-05
CH: Queens to Brooklyn,4744,4685,36,47,10000,36047010000,100,Census Tract 100,G5020,S,150970,0,40.6415355,-74.0104457,9,23,0,CH: Queens to Brooklyn,Dollar Vans/Untitled layer,0,0,0,-1,0,,,0.035194781,0.5,22,0.094997044,CH: Queens to Brooklyn,0.016757094,1.6072E-05
CH: Queens to Brooklyn,4745,4687,36,47,10600,36047010600,106,Census Tract 106,G5020,S,150932,0,40.6388746,-74.00604,9,23,0,CH: Queens to Brooklyn,Dollar Vans/Untitled layer,0,0,0,-1,0,,,0.035194781,0.5,22,0.094997044,CH: Queens to Brooklyn,0.016759538,1.60674E-05
CH: Queens to Brooklyn,4746,4689,36,47,11200,36047011200,112,Census Tract 112,G5020,S,171313,0,40.6422528,-73.9956749,9,23,0,CH: Queens to Brooklyn,Dollar Vans/Untitled layer,0,0,0,-1,0,,,0.035194781,0.5,22,0.094997044,CH: Queens to Brooklyn,0.017698825,1.82378E-05
CH: Queens to Brooklyn,4747,4690,36,47,11400,36047011400,114,Census Tract 114,G5020,S,167792,0,40.6394233,-73.9992118,9,23,0,CH: Queens to Brooklyn,Dollar Vans/Untitled layer,0,0,0,-1,0,,,0.035194781,0.5,22,0.094997044,CH: Queens to Brooklyn,0.017648765,1.78624E-05
CH: Queens to Brooklyn,4748,4691,36,47,11600,36047011600,116,Census Tract 116,G5020,S,160266,0,40.6358731,-74.0036488,9,23,0,CH: Queens to Brooklyn,Dollar Vans/Untitled layer,0,0,0,-1,0,,,0.035194781,0.5,22,0.094997044,CH: Queens to Brooklyn,0.018863918,1.70602E-05
CH: Queens to Brooklyn,4749,4693,36,47,12000,36047012000,120,Census Tract 120,G5020,S,191871,0,40.632773,-74.0116977,9,23,0,CH: Queens to Brooklyn,Dollar Vans/Untitled layer,0,0,0,-1,0,,,0.035194781,0.5,22,0.094997044,CH: Queens to Brooklyn,0.024269592,2.04236E-05
CH: Elmhurst to Manhattan,4750,17,36,81,24500,36081024500,245,Census Tract 245,G5020,S,270871,0,40.7394921,-73.9049172,10,24,0,CH: Elmhurst to Manhattan,Dollar Vans/Untitled layer,0,0,0,-1,0,,Minor discrepancy: 52 or 72?,0.04697218,0.5,23,0.114407488,CH: Elmhurst to Manhattan,0.025719638,2.88782E-05
CH: Elmhurst to Manhattan,4751,18,36,81,24900,36081024900,249,Census Tract 249,G5020,S,194262,0,40.7432069,-73.9042264,10,24,0,CH: Elmhurst to Manhattan,Dollar Vans/Untitled layer,0,0,0,-1,0,,Minor discrepancy: 52 or 72?,0.04697218,0.5,23,0.114407488,CH: Elmhurst to Manhattan,0.019004788,2.07119E-05
CH: Elmhurst to Manhattan,4752,120,36,81,47100,36081047100,471,Census Tract 471,G5020,S,158098,0,40.740985,-73.876564,10,24,0,CH: Elmhurst to Manhattan,Dollar Vans/Untitled layer,0,0,0,-1,0,,Minor discrepancy: 52 or 72?,0.04697218,0.5,23,0.114407488,CH: Elmhurst to Manhattan,0.0189854,1.68553E-05
CH: Elmhurst to Manhattan,4753,122,36,81,47300,36081047300,473,Census Tract 473,G5020,S,181996,0,40.7372857,-73.8760335,10,24,0,CH: Elmhurst to Manhattan,Dollar Vans/Untitled layer,0,0,0,-1,0,,Minor discrepancy: 52 or 72?,0.04697218,0.5,23,0.114407488,CH: Elmhurst to Manhattan,0.022764107,1.94024E-05
CH: Elmhurst to Manhattan,4754,323,36,81,49301,36081049301,493.01,Census Tract 493.01,G5020,S,164136,0,40.7323708,-73.8942499,10,24,0,CH: Elmhurst to Manhattan,Dollar Vans/Untitled layer,0,0,0,-1,0,,Minor discrepancy: 52 or 72?,0.04697218,0.5,23,0.114407488,CH: Elmhurst to Manhattan,0.019239224,1.74971E-05
CH: Elmhurst to Manhattan,4755,327,36,81,49700,36081049700,497,Census Tract 497,G5020,S,199055,0,40.7317361,-73.8903639,10,24,0,CH: Elmhurst to Manhattan,Dollar Vans/Untitled layer,0,0,0,-1,0,,Minor discrepancy: 52 or 72?,0.04697218,0.5,23,0.114407488,CH: Elmhurst to Manhattan,0.018465469,2.12191E-05
CH: Elmhurst to Manhattan,4756,328,36,81,49900,36081049900,499,Census Tract 499,G5020,S,474590,0,40.7310802,-73.8832698,10,24,0,CH: Elmhurst to Manhattan,Dollar Vans/Untitled layer,0,0,0,-1,0,,Minor discrepancy: 52 or 72?,0.04697218,0.5,23,0.114407488,CH: Elmhurst to Manhattan,0.034247588,5.05906E-05
CH: Elmhurst to Manhattan,4757,460,36,81,47900,36081047900,479,Census Tract 479,G5020,S,387219,0,40.7354249,-73.8836395,10,24,0,CH: Elmhurst to Manhattan,Dollar Vans/Untitled layer,0,0,0,-1,0,,Minor discrepancy: 52 or 72?,0.04697218,0.5,23,0.114407488,CH: Elmhurst to Manhattan,0.03728484,4.12797E-05
CH: Elmhurst to Manhattan,4758,461,36,81,48300,36081048300,483,Census Tract 483,G5020,S,225397,0,40.7417067,-73.8927449,10,24,0,CH: Elmhurst to Manhattan,Dollar Vans/Untitled layer,0,0,0,-1,0,,Minor discrepancy: 52 or 72?,0.04697218,0.5,23,0.114407488,CH: Elmhurst to Manhattan,0.02588483,2.40307E-05
CH: Elmhurst to Manhattan,4759,462,36,81,48500,36081048500,485,Census Tract 485,G5020,S,341238,0,40.7396936,-73.8846134,10,24,0,CH: Elmhurst to Manhattan,Dollar Vans/Untitled layer,0,0,0,-1,0,,Minor discrepancy: 52 or 72?,0.04697218,0.5,23,0.114407488,CH: Elmhurst to Manhattan,0.039149282,3.63802E-05
CH: Elmhurst to Manhattan,4760,463,36,81,48900,36081048900,489,Census Tract 489,G5020,S,347538,0,40.7372212,-73.8922234,10,24,0,CH: Elmhurst to Manhattan,Dollar Vans/Untitled layer,0,0,0,-1,0,,Minor discrepancy: 52 or 72?,0.04697218,0.5,23,0.114407488,CH: Elmhurst to Manhattan,0.030944193,3.70503E-05
CH: Elmhurst to Manhattan,4761,1789,36,81,24700,36081024700,247,Census Tract 247,G5020,S,90045,0,40.7423602,-73.8994144,10,24,0,CH: Elmhurst to Manhattan,Dollar Vans/Untitled layer,0,0,0,-1,0,,Minor discrepancy: 52 or 72?,0.04697218,0.5,23,0.114407488,CH: Elmhurst to Manhattan,0.014044621,9.60044E-06
